菜品小程序服务端启动中...
API 文档: http://localhost:8000/docs
按 Ctrl+C 停止服务
INFO:     Will watch for changes in these directories: ['/']
INFO:     Uvicorn running on http://0.0.0.0:8000 (Press CTRL+C to quit)
INFO:     Started reloader process [299602] using WatchFiles
INFO:     Started server process [299619]
INFO:     Waiting for application startup.
INFO:     Application startup complete.
INFO:     127.0.0.1:56454 - "GET /health HTTP/1.1" 200 OK
INFO:     127.0.0.1:56468 - "GET /health/db HTTP/1.1" 200 OK
菜品小程序服务端启动中...
API 文档: http://localhost:8000/docs
按 Ctrl+C 停止服务
INFO:     Will watch for changes in these directories: ['/']
ERROR:    [Errno 98] Address already in use
INFO:     14.19.150.236:0 - "GET /api/v1/users/me HTTP/1.0" 401 Unauthorized
ERROR:    Unhandled GET /api/v1/meta/filters
Traceback (most recent call last):
  File "/www/wwwroot/cookbook-server/b8138d1504cef8184f7319b108086c2d_venv/lib/python3.12/site-packages/sqlalchemy/engine/base.py", line 1969, in _exec_single_context
    self.dialect.do_execute(
  File "/www/wwwroot/cookbook-server/b8138d1504cef8184f7319b108086c2d_venv/lib/python3.12/site-packages/sqlalchemy/engine/default.py", line 952, in do_execute
    cursor.execute(statement, parameters)
  File "/www/wwwroot/cookbook-server/b8138d1504cef8184f7319b108086c2d_venv/lib/python3.12/site-packages/sqlalchemy/dialects/postgresql/psycopg.py", line 642, in execute
    result = self.await_(self._cursor.execute(query, params, **kw))
             ^^^^^^^^^^^^^^^^^^^^^^^^^^^^^^^^^^^^^^^^^^^^^^^^^^^^^^
  File "/www/wwwroot/cookbook-server/b8138d1504cef8184f7319b108086c2d_venv/lib/python3.12/site-packages/sqlalchemy/util/_concurrency_py3k.py", line 132, in await_only
    return current.parent.switch(awaitable)  # type: ignore[no-any-return,attr-defined] # noqa: E501
           ^^^^^^^^^^^^^^^^^^^^^^^^^^^^^^^^
  File "/www/wwwroot/cookbook-server/b8138d1504cef8184f7319b108086c2d_venv/lib/python3.12/site-packages/sqlalchemy/util/_concurrency_py3k.py", line 196, in greenlet_spawn
    value = await result
            ^^^^^^^^^^^^
  File "/www/wwwroot/cookbook-server/b8138d1504cef8184f7319b108086c2d_venv/lib/python3.12/site-packages/psycopg/cursor_async.py", line 117, in execute
    raise ex.with_traceback(None)
psycopg.errors.UndefinedTable: relation "categories" does not exist
LINE 2: FROM categories ORDER BY categories.sort_order
             ^

The above exception was the direct cause of the following exception:

Traceback (most recent call last):
  File "/www/wwwroot/cookbook-server/b8138d1504cef8184f7319b108086c2d_venv/lib/python3.12/site-packages/starlette/middleware/errors.py", line 164, in __call__
    await self.app(scope, receive, _send)
  File "/www/wwwroot/cookbook-server/b8138d1504cef8184f7319b108086c2d_venv/lib/python3.12/site-packages/starlette/middleware/exceptions.py", line 63, in __call__
    await wrap_app_handling_exceptions(self.app, conn)(scope, receive, send)
  File "/www/wwwroot/cookbook-server/b8138d1504cef8184f7319b108086c2d_venv/lib/python3.12/site-packages/starlette/_exception_handler.py", line 53, in wrapped_app
    raise exc
  File "/www/wwwroot/cookbook-server/b8138d1504cef8184f7319b108086c2d_venv/lib/python3.12/site-packages/starlette/_exception_handler.py", line 42, in wrapped_app
    await app(scope, receive, sender)
  File "/www/wwwroot/cookbook-server/b8138d1504cef8184f7319b108086c2d_venv/lib/python3.12/site-packages/fastapi/middleware/asyncexitstack.py", line 18, in __call__
    await self.app(scope, receive, send)
  File "/www/wwwroot/cookbook-server/b8138d1504cef8184f7319b108086c2d_venv/lib/python3.12/site-packages/starlette/routing.py", line 660, in __call__
    await self.middleware_stack(scope, receive, send)
  File "/www/wwwroot/cookbook-server/b8138d1504cef8184f7319b108086c2d_venv/lib/python3.12/site-packages/starlette/routing.py", line 680, in app
    await route.handle(scope, receive, send)
  File "/www/wwwroot/cookbook-server/b8138d1504cef8184f7319b108086c2d_venv/lib/python3.12/site-packages/fastapi/routing.py", line 1574, in handle
    await self.original_router.handle(scope, receive, send)
  File "/www/wwwroot/cookbook-server/b8138d1504cef8184f7319b108086c2d_venv/lib/python3.12/site-packages/fastapi/routing.py", line 2012, in handle
    await included_router._handle_selected(scope, receive, send)
  File "/www/wwwroot/cookbook-server/b8138d1504cef8184f7319b108086c2d_venv/lib/python3.12/site-packages/fastapi/routing.py", line 1585, in _handle_selected
    await route.handle(scope, receive, send)
  File "/www/wwwroot/cookbook-server/b8138d1504cef8184f7319b108086c2d_venv/lib/python3.12/site-packages/fastapi/routing.py", line 1574, in handle
    await self.original_router.handle(scope, receive, send)
  File "/www/wwwroot/cookbook-server/b8138d1504cef8184f7319b108086c2d_venv/lib/python3.12/site-packages/fastapi/routing.py", line 2012, in handle
    await included_router._handle_selected(scope, receive, send)
  File "/www/wwwroot/cookbook-server/b8138d1504cef8184f7319b108086c2d_venv/lib/python3.12/site-packages/fastapi/routing.py", line 1594, in _handle_selected
    await original_route.handle(scope, receive, send)
  File "/www/wwwroot/cookbook-server/b8138d1504cef8184f7319b108086c2d_venv/lib/python3.12/site-packages/fastapi/routing.py", line 1183, in handle
    await app(scope, receive, send)
  File "/www/wwwroot/cookbook-server/b8138d1504cef8184f7319b108086c2d_venv/lib/python3.12/site-packages/fastapi/routing.py", line 143, in app
    await wrap_app_handling_exceptions(app, request)(scope, receive, send)
  File "/www/wwwroot/cookbook-server/b8138d1504cef8184f7319b108086c2d_venv/lib/python3.12/site-packages/starlette/_exception_handler.py", line 53, in wrapped_app
    raise exc
  File "/www/wwwroot/cookbook-server/b8138d1504cef8184f7319b108086c2d_venv/lib/python3.12/site-packages/starlette/_exception_handler.py", line 42, in wrapped_app
    await app(scope, receive, sender)
  File "/www/wwwroot/cookbook-server/b8138d1504cef8184f7319b108086c2d_venv/lib/python3.12/site-packages/fastapi/routing.py", line 129, in app
    response = await f(request)
               ^^^^^^^^^^^^^^^^
  File "/www/wwwroot/cookbook-server/b8138d1504cef8184f7319b108086c2d_venv/lib/python3.12/site-packages/fastapi/routing.py", line 683, in app
    raw_response = await run_endpoint_function(
                   ^^^^^^^^^^^^^^^^^^^^^^^^^^^^
  File "/www/wwwroot/cookbook-server/b8138d1504cef8184f7319b108086c2d_venv/lib/python3.12/site-packages/fastapi/routing.py", line 337, in run_endpoint_function
    return await dependant.call(**values)
           ^^^^^^^^^^^^^^^^^^^^^^^^^^^^^^
  File "/www/wwwroot/cookbook-server/app/api/v1/meta.py", line 18, in get_filters
    categories = await get_all_categories(db)
                 ^^^^^^^^^^^^^^^^^^^^^^^^^^^^
  File "/www/wwwroot/cookbook-server/app/services/category.py", line 8, in get_all_categories
    result = await db.execute(select(Category).order_by(Category.sort_order))
             ^^^^^^^^^^^^^^^^^^^^^^^^^^^^^^^^^^^^^^^^^^^^^^^^^^^^^^^^^^^^^^^^
  File "/www/wwwroot/cookbook-server/b8138d1504cef8184f7319b108086c2d_venv/lib/python3.12/site-packages/sqlalchemy/ext/asyncio/session.py", line 448, in execute
    result = await greenlet_spawn(
             ^^^^^^^^^^^^^^^^^^^^^
  File "/www/wwwroot/cookbook-server/b8138d1504cef8184f7319b108086c2d_venv/lib/python3.12/site-packages/sqlalchemy/util/_concurrency_py3k.py", line 201, in greenlet_spawn
    result = context.throw(*sys.exc_info())
             ^^^^^^^^^^^^^^^^^^^^^^^^^^^^^^
  File "/www/wwwroot/cookbook-server/b8138d1504cef8184f7319b108086c2d_venv/lib/python3.12/site-packages/sqlalchemy/orm/session.py", line 2372, in execute
    return self._execute_internal(
           ^^^^^^^^^^^^^^^^^^^^^^^
  File "/www/wwwroot/cookbook-server/b8138d1504cef8184f7319b108086c2d_venv/lib/python3.12/site-packages/sqlalchemy/orm/session.py", line 2270, in _execute_internal
    result: Result[Any] = compile_state_cls.orm_execute_statement(
                          ^^^^^^^^^^^^^^^^^^^^^^^^^^^^^^^^^^^^^^^^
  File "/www/wwwroot/cookbook-server/b8138d1504cef8184f7319b108086c2d_venv/lib/python3.12/site-packages/sqlalchemy/orm/context.py", line 306, in orm_execute_statement
    result = conn.execute(
             ^^^^^^^^^^^^^
  File "/www/wwwroot/cookbook-server/b8138d1504cef8184f7319b108086c2d_venv/lib/python3.12/site-packages/sqlalchemy/engine/base.py", line 1421, in execute
    return meth(
           ^^^^^
  File "/www/wwwroot/cookbook-server/b8138d1504cef8184f7319b108086c2d_venv/lib/python3.12/site-packages/sqlalchemy/sql/elements.py", line 526, in _execute_on_connection
    return connection._execute_clauseelement(
           ^^^^^^^^^^^^^^^^^^^^^^^^^^^^^^^^^^
  File "/www/wwwroot/cookbook-server/b8138d1504cef8184f7319b108086c2d_venv/lib/python3.12/site-packages/sqlalchemy/engine/base.py", line 1643, in _execute_clauseelement
    ret = self._execute_context(
          ^^^^^^^^^^^^^^^^^^^^^^
  File "/www/wwwroot/cookbook-server/b8138d1504cef8184f7319b108086c2d_venv/lib/python3.12/site-packages/sqlalchemy/engine/base.py", line 1848, in _execute_context
    return self._exec_single_context(
           ^^^^^^^^^^^^^^^^^^^^^^^^^^
  File "/www/wwwroot/cookbook-server/b8138d1504cef8184f7319b108086c2d_venv/lib/python3.12/site-packages/sqlalchemy/engine/base.py", line 1988, in _exec_single_context
    self._handle_dbapi_exception(
  File "/www/wwwroot/cookbook-server/b8138d1504cef8184f7319b108086c2d_venv/lib/python3.12/site-packages/sqlalchemy/engine/base.py", line 2365, in _handle_dbapi_exception
    raise sqlalchemy_exception.with_traceback(exc_info[2]) from e
  File "/www/wwwroot/cookbook-server/b8138d1504cef8184f7319b108086c2d_venv/lib/python3.12/site-packages/sqlalchemy/engine/base.py", line 1969, in _exec_single_context
    self.dialect.do_execute(
  File "/www/wwwroot/cookbook-server/b8138d1504cef8184f7319b108086c2d_venv/lib/python3.12/site-packages/sqlalchemy/engine/default.py", line 952, in do_execute
    cursor.execute(statement, parameters)
  File "/www/wwwroot/cookbook-server/b8138d1504cef8184f7319b108086c2d_venv/lib/python3.12/site-packages/sqlalchemy/dialects/postgresql/psycopg.py", line 642, in execute
    result = self.await_(self._cursor.execute(query, params, **kw))
             ^^^^^^^^^^^^^^^^^^^^^^^^^^^^^^^^^^^^^^^^^^^^^^^^^^^^^^
  File "/www/wwwroot/cookbook-server/b8138d1504cef8184f7319b108086c2d_venv/lib/python3.12/site-packages/sqlalchemy/util/_concurrency_py3k.py", line 132, in await_only
    return current.parent.switch(awaitable)  # type: ignore[no-any-return,attr-defined] # noqa: E501
           ^^^^^^^^^^^^^^^^^^^^^^^^^^^^^^^^
  File "/www/wwwroot/cookbook-server/b8138d1504cef8184f7319b108086c2d_venv/lib/python3.12/site-packages/sqlalchemy/util/_concurrency_py3k.py", line 196, in greenlet_spawn
    value = await result
            ^^^^^^^^^^^^
  File "/www/wwwroot/cookbook-server/b8138d1504cef8184f7319b108086c2d_venv/lib/python3.12/site-packages/psycopg/cursor_async.py", line 117, in execute
    raise ex.with_traceback(None)
sqlalchemy.exc.ProgrammingError: (psycopg.errors.UndefinedTable) relation "categories" does not exist
LINE 2: FROM categories ORDER BY categories.sort_order
             ^
[SQL: SELECT categories.id, categories.name, categories.key, categories.icon, categories.sort_order, categories.created_at, categories.updated_at 
FROM categories ORDER BY categories.sort_order]
(Background on this error at: https://sqlalche.me/e/20/f405)
INFO:     14.19.150.236:0 - "GET /api/v1/meta/filters HTTP/1.0" 500 Internal Server Error
ERROR:    Exception in ASGI application
Traceback (most recent call last):
  File "/www/wwwroot/cookbook-server/b8138d1504cef8184f7319b108086c2d_venv/lib/python3.12/site-packages/sqlalchemy/engine/base.py", line 1969, in _exec_single_context
    self.dialect.do_execute(
  File "/www/wwwroot/cookbook-server/b8138d1504cef8184f7319b108086c2d_venv/lib/python3.12/site-packages/sqlalchemy/engine/default.py", line 952, in do_execute
    cursor.execute(statement, parameters)
  File "/www/wwwroot/cookbook-server/b8138d1504cef8184f7319b108086c2d_venv/lib/python3.12/site-packages/sqlalchemy/dialects/postgresql/psycopg.py", line 642, in execute
    result = self.await_(self._cursor.execute(query, params, **kw))
             ^^^^^^^^^^^^^^^^^^^^^^^^^^^^^^^^^^^^^^^^^^^^^^^^^^^^^^
  File "/www/wwwroot/cookbook-server/b8138d1504cef8184f7319b108086c2d_venv/lib/python3.12/site-packages/sqlalchemy/util/_concurrency_py3k.py", line 132, in await_only
    return current.parent.switch(awaitable)  # type: ignore[no-any-return,attr-defined] # noqa: E501
           ^^^^^^^^^^^^^^^^^^^^^^^^^^^^^^^^
  File "/www/wwwroot/cookbook-server/b8138d1504cef8184f7319b108086c2d_venv/lib/python3.12/site-packages/sqlalchemy/util/_concurrency_py3k.py", line 196, in greenlet_spawn
    value = await result
            ^^^^^^^^^^^^
  File "/www/wwwroot/cookbook-server/b8138d1504cef8184f7319b108086c2d_venv/lib/python3.12/site-packages/psycopg/cursor_async.py", line 117, in execute
    raise ex.with_traceback(None)
psycopg.errors.UndefinedTable: relation "categories" does not exist
LINE 2: FROM categories ORDER BY categories.sort_order
             ^

The above exception was the direct cause of the following exception:

Traceback (most recent call last):
  File "/www/wwwroot/cookbook-server/b8138d1504cef8184f7319b108086c2d_venv/lib/python3.12/site-packages/uvicorn/protocols/http/httptools_impl.py", line 421, in run_asgi
    result = await app(  # type: ignore[func-returns-value]
             ^^^^^^^^^^^^^^^^^^^^^^^^^^^^^^^^^^^^^^^^^^^^^^
  File "/www/wwwroot/cookbook-server/b8138d1504cef8184f7319b108086c2d_venv/lib/python3.12/site-packages/uvicorn/middleware/proxy_headers.py", line 62, in __call__
    return await self.app(scope, receive, send)
           ^^^^^^^^^^^^^^^^^^^^^^^^^^^^^^^^^^^^
  File "/www/wwwroot/cookbook-server/b8138d1504cef8184f7319b108086c2d_venv/lib/python3.12/site-packages/fastapi/applications.py", line 1162, in __call__
    await super().__call__(scope, receive, send)
  File "/www/wwwroot/cookbook-server/b8138d1504cef8184f7319b108086c2d_venv/lib/python3.12/site-packages/starlette/applications.py", line 90, in __call__
    await self.middleware_stack(scope, receive, send)
  File "/www/wwwroot/cookbook-server/b8138d1504cef8184f7319b108086c2d_venv/lib/python3.12/site-packages/starlette/middleware/errors.py", line 186, in __call__
    raise exc
  File "/www/wwwroot/cookbook-server/b8138d1504cef8184f7319b108086c2d_venv/lib/python3.12/site-packages/starlette/middleware/errors.py", line 164, in __call__
    await self.app(scope, receive, _send)
  File "/www/wwwroot/cookbook-server/b8138d1504cef8184f7319b108086c2d_venv/lib/python3.12/site-packages/starlette/middleware/exceptions.py", line 63, in __call__
    await wrap_app_handling_exceptions(self.app, conn)(scope, receive, send)
  File "/www/wwwroot/cookbook-server/b8138d1504cef8184f7319b108086c2d_venv/lib/python3.12/site-packages/starlette/_exception_handler.py", line 53, in wrapped_app
    raise exc
  File "/www/wwwroot/cookbook-server/b8138d1504cef8184f7319b108086c2d_venv/lib/python3.12/site-packages/starlette/_exception_handler.py", line 42, in wrapped_app
    await app(scope, receive, sender)
  File "/www/wwwroot/cookbook-server/b8138d1504cef8184f7319b108086c2d_venv/lib/python3.12/site-packages/fastapi/middleware/asyncexitstack.py", line 18, in __call__
    await self.app(scope, receive, send)
  File "/www/wwwroot/cookbook-server/b8138d1504cef8184f7319b108086c2d_venv/lib/python3.12/site-packages/starlette/routing.py", line 660, in __call__
    await self.middleware_stack(scope, receive, send)
  File "/www/wwwroot/cookbook-server/b8138d1504cef8184f7319b108086c2d_venv/lib/python3.12/site-packages/starlette/routing.py", line 680, in app
    await route.handle(scope, receive, send)
  File "/www/wwwroot/cookbook-server/b8138d1504cef8184f7319b108086c2d_venv/lib/python3.12/site-packages/fastapi/routing.py", line 1574, in handle
    await self.original_router.handle(scope, receive, send)
  File "/www/wwwroot/cookbook-server/b8138d1504cef8184f7319b108086c2d_venv/lib/python3.12/site-packages/fastapi/routing.py", line 2012, in handle
    await included_router._handle_selected(scope, receive, send)
  File "/www/wwwroot/cookbook-server/b8138d1504cef8184f7319b108086c2d_venv/lib/python3.12/site-packages/fastapi/routing.py", line 1585, in _handle_selected
    await route.handle(scope, receive, send)
  File "/www/wwwroot/cookbook-server/b8138d1504cef8184f7319b108086c2d_venv/lib/python3.12/site-packages/fastapi/routing.py", line 1574, in handle
    await self.original_router.handle(scope, receive, send)
  File "/www/wwwroot/cookbook-server/b8138d1504cef8184f7319b108086c2d_venv/lib/python3.12/site-packages/fastapi/routing.py", line 2012, in handle
    await included_router._handle_selected(scope, receive, send)
  File "/www/wwwroot/cookbook-server/b8138d1504cef8184f7319b108086c2d_venv/lib/python3.12/site-packages/fastapi/routing.py", line 1594, in _handle_selected
    await original_route.handle(scope, receive, send)
  File "/www/wwwroot/cookbook-server/b8138d1504cef8184f7319b108086c2d_venv/lib/python3.12/site-packages/fastapi/routing.py", line 1183, in handle
    await app(scope, receive, send)
  File "/www/wwwroot/cookbook-server/b8138d1504cef8184f7319b108086c2d_venv/lib/python3.12/site-packages/fastapi/routing.py", line 143, in app
    await wrap_app_handling_exceptions(app, request)(scope, receive, send)
  File "/www/wwwroot/cookbook-server/b8138d1504cef8184f7319b108086c2d_venv/lib/python3.12/site-packages/starlette/_exception_handler.py", line 53, in wrapped_app
    raise exc
  File "/www/wwwroot/cookbook-server/b8138d1504cef8184f7319b108086c2d_venv/lib/python3.12/site-packages/starlette/_exception_handler.py", line 42, in wrapped_app
    await app(scope, receive, sender)
  File "/www/wwwroot/cookbook-server/b8138d1504cef8184f7319b108086c2d_venv/lib/python3.12/site-packages/fastapi/routing.py", line 129, in app
    response = await f(request)
               ^^^^^^^^^^^^^^^^
  File "/www/wwwroot/cookbook-server/b8138d1504cef8184f7319b108086c2d_venv/lib/python3.12/site-packages/fastapi/routing.py", line 683, in app
    raw_response = await run_endpoint_function(
                   ^^^^^^^^^^^^^^^^^^^^^^^^^^^^
  File "/www/wwwroot/cookbook-server/b8138d1504cef8184f7319b108086c2d_venv/lib/python3.12/site-packages/fastapi/routing.py", line 337, in run_endpoint_function
    return await dependant.call(**values)
           ^^^^^^^^^^^^^^^^^^^^^^^^^^^^^^
  File "/www/wwwroot/cookbook-server/app/api/v1/meta.py", line 18, in get_filters
    categories = await get_all_categories(db)
                 ^^^^^^^^^^^^^^^^^^^^^^^^^^^^
  File "/www/wwwroot/cookbook-server/app/services/category.py", line 8, in get_all_categories
    result = await db.execute(select(Category).order_by(Category.sort_order))
             ^^^^^^^^^^^^^^^^^^^^^^^^^^^^^^^^^^^^^^^^^^^^^^^^^^^^^^^^^^^^^^^^
  File "/www/wwwroot/cookbook-server/b8138d1504cef8184f7319b108086c2d_venv/lib/python3.12/site-packages/sqlalchemy/ext/asyncio/session.py", line 448, in execute
    result = await greenlet_spawn(
             ^^^^^^^^^^^^^^^^^^^^^
  File "/www/wwwroot/cookbook-server/b8138d1504cef8184f7319b108086c2d_venv/lib/python3.12/site-packages/sqlalchemy/util/_concurrency_py3k.py", line 201, in greenlet_spawn
    result = context.throw(*sys.exc_info())
             ^^^^^^^^^^^^^^^^^^^^^^^^^^^^^^
  File "/www/wwwroot/cookbook-server/b8138d1504cef8184f7319b108086c2d_venv/lib/python3.12/site-packages/sqlalchemy/orm/session.py", line 2372, in execute
    return self._execute_internal(
           ^^^^^^^^^^^^^^^^^^^^^^^
  File "/www/wwwroot/cookbook-server/b8138d1504cef8184f7319b108086c2d_venv/lib/python3.12/site-packages/sqlalchemy/orm/session.py", line 2270, in _execute_internal
    result: Result[Any] = compile_state_cls.orm_execute_statement(
                          ^^^^^^^^^^^^^^^^^^^^^^^^^^^^^^^^^^^^^^^^
  File "/www/wwwroot/cookbook-server/b8138d1504cef8184f7319b108086c2d_venv/lib/python3.12/site-packages/sqlalchemy/orm/context.py", line 306, in orm_execute_statement
    result = conn.execute(
             ^^^^^^^^^^^^^
  File "/www/wwwroot/cookbook-server/b8138d1504cef8184f7319b108086c2d_venv/lib/python3.12/site-packages/sqlalchemy/engine/base.py", line 1421, in execute
    return meth(
           ^^^^^
  File "/www/wwwroot/cookbook-server/b8138d1504cef8184f7319b108086c2d_venv/lib/python3.12/site-packages/sqlalchemy/sql/elements.py", line 526, in _execute_on_connection
    return connection._execute_clauseelement(
           ^^^^^^^^^^^^^^^^^^^^^^^^^^^^^^^^^^
  File "/www/wwwroot/cookbook-server/b8138d1504cef8184f7319b108086c2d_venv/lib/python3.12/site-packages/sqlalchemy/engine/base.py", line 1643, in _execute_clauseelement
    ret = self._execute_context(
          ^^^^^^^^^^^^^^^^^^^^^^
  File "/www/wwwroot/cookbook-server/b8138d1504cef8184f7319b108086c2d_venv/lib/python3.12/site-packages/sqlalchemy/engine/base.py", line 1848, in _execute_context
    return self._exec_single_context(
           ^^^^^^^^^^^^^^^^^^^^^^^^^^
  File "/www/wwwroot/cookbook-server/b8138d1504cef8184f7319b108086c2d_venv/lib/python3.12/site-packages/sqlalchemy/engine/base.py", line 1988, in _exec_single_context
    self._handle_dbapi_exception(
  File "/www/wwwroot/cookbook-server/b8138d1504cef8184f7319b108086c2d_venv/lib/python3.12/site-packages/sqlalchemy/engine/base.py", line 2365, in _handle_dbapi_exception
    raise sqlalchemy_exception.with_traceback(exc_info[2]) from e
  File "/www/wwwroot/cookbook-server/b8138d1504cef8184f7319b108086c2d_venv/lib/python3.12/site-packages/sqlalchemy/engine/base.py", line 1969, in _exec_single_context
    self.dialect.do_execute(
  File "/www/wwwroot/cookbook-server/b8138d1504cef8184f7319b108086c2d_venv/lib/python3.12/site-packages/sqlalchemy/engine/default.py", line 952, in do_execute
    cursor.execute(statement, parameters)
  File "/www/wwwroot/cookbook-server/b8138d1504cef8184f7319b108086c2d_venv/lib/python3.12/site-packages/sqlalchemy/dialects/postgresql/psycopg.py", line 642, in execute
    result = self.await_(self._cursor.execute(query, params, **kw))
             ^^^^^^^^^^^^^^^^^^^^^^^^^^^^^^^^^^^^^^^^^^^^^^^^^^^^^^
  File "/www/wwwroot/cookbook-server/b8138d1504cef8184f7319b108086c2d_venv/lib/python3.12/site-packages/sqlalchemy/util/_concurrency_py3k.py", line 132, in await_only
    return current.parent.switch(awaitable)  # type: ignore[no-any-return,attr-defined] # noqa: E501
           ^^^^^^^^^^^^^^^^^^^^^^^^^^^^^^^^
  File "/www/wwwroot/cookbook-server/b8138d1504cef8184f7319b108086c2d_venv/lib/python3.12/site-packages/sqlalchemy/util/_concurrency_py3k.py", line 196, in greenlet_spawn
    value = await result
            ^^^^^^^^^^^^
  File "/www/wwwroot/cookbook-server/b8138d1504cef8184f7319b108086c2d_venv/lib/python3.12/site-packages/psycopg/cursor_async.py", line 117, in execute
    raise ex.with_traceback(None)
sqlalchemy.exc.ProgrammingError: (psycopg.errors.UndefinedTable) relation "categories" does not exist
LINE 2: FROM categories ORDER BY categories.sort_order
             ^
[SQL: SELECT categories.id, categories.name, categories.key, categories.icon, categories.sort_order, categories.created_at, categories.updated_at 
FROM categories ORDER BY categories.sort_order]
(Background on this error at: https://sqlalche.me/e/20/f405)
ERROR:    Unhandled GET /api/v1/recipes/ranked
Traceback (most recent call last):
  File "/www/wwwroot/cookbook-server/b8138d1504cef8184f7319b108086c2d_venv/lib/python3.12/site-packages/sqlalchemy/engine/base.py", line 1969, in _exec_single_context
    self.dialect.do_execute(
  File "/www/wwwroot/cookbook-server/b8138d1504cef8184f7319b108086c2d_venv/lib/python3.12/site-packages/sqlalchemy/engine/default.py", line 952, in do_execute
    cursor.execute(statement, parameters)
  File "/www/wwwroot/cookbook-server/b8138d1504cef8184f7319b108086c2d_venv/lib/python3.12/site-packages/sqlalchemy/dialects/postgresql/psycopg.py", line 642, in execute
    result = self.await_(self._cursor.execute(query, params, **kw))
             ^^^^^^^^^^^^^^^^^^^^^^^^^^^^^^^^^^^^^^^^^^^^^^^^^^^^^^
  File "/www/wwwroot/cookbook-server/b8138d1504cef8184f7319b108086c2d_venv/lib/python3.12/site-packages/sqlalchemy/util/_concurrency_py3k.py", line 132, in await_only
    return current.parent.switch(awaitable)  # type: ignore[no-any-return,attr-defined] # noqa: E501
           ^^^^^^^^^^^^^^^^^^^^^^^^^^^^^^^^
  File "/www/wwwroot/cookbook-server/b8138d1504cef8184f7319b108086c2d_venv/lib/python3.12/site-packages/sqlalchemy/util/_concurrency_py3k.py", line 196, in greenlet_spawn
    value = await result
            ^^^^^^^^^^^^
  File "/www/wwwroot/cookbook-server/b8138d1504cef8184f7319b108086c2d_venv/lib/python3.12/site-packages/psycopg/cursor_async.py", line 117, in execute
    raise ex.with_traceback(None)
psycopg.errors.UndefinedTable: relation "dishes" does not exist
LINE 2: FROM dishes 
             ^

The above exception was the direct cause of the following exception:

Traceback (most recent call last):
  File "/www/wwwroot/cookbook-server/b8138d1504cef8184f7319b108086c2d_venv/lib/python3.12/site-packages/starlette/middleware/errors.py", line 164, in __call__
    await self.app(scope, receive, _send)
  File "/www/wwwroot/cookbook-server/b8138d1504cef8184f7319b108086c2d_venv/lib/python3.12/site-packages/starlette/middleware/exceptions.py", line 63, in __call__
    await wrap_app_handling_exceptions(self.app, conn)(scope, receive, send)
  File "/www/wwwroot/cookbook-server/b8138d1504cef8184f7319b108086c2d_venv/lib/python3.12/site-packages/starlette/_exception_handler.py", line 53, in wrapped_app
    raise exc
  File "/www/wwwroot/cookbook-server/b8138d1504cef8184f7319b108086c2d_venv/lib/python3.12/site-packages/starlette/_exception_handler.py", line 42, in wrapped_app
    await app(scope, receive, sender)
  File "/www/wwwroot/cookbook-server/b8138d1504cef8184f7319b108086c2d_venv/lib/python3.12/site-packages/fastapi/middleware/asyncexitstack.py", line 18, in __call__
    await self.app(scope, receive, send)
  File "/www/wwwroot/cookbook-server/b8138d1504cef8184f7319b108086c2d_venv/lib/python3.12/site-packages/starlette/routing.py", line 660, in __call__
    await self.middleware_stack(scope, receive, send)
  File "/www/wwwroot/cookbook-server/b8138d1504cef8184f7319b108086c2d_venv/lib/python3.12/site-packages/starlette/routing.py", line 680, in app
    await route.handle(scope, receive, send)
  File "/www/wwwroot/cookbook-server/b8138d1504cef8184f7319b108086c2d_venv/lib/python3.12/site-packages/fastapi/routing.py", line 1574, in handle
    await self.original_router.handle(scope, receive, send)
  File "/www/wwwroot/cookbook-server/b8138d1504cef8184f7319b108086c2d_venv/lib/python3.12/site-packages/fastapi/routing.py", line 2012, in handle
    await included_router._handle_selected(scope, receive, send)
  File "/www/wwwroot/cookbook-server/b8138d1504cef8184f7319b108086c2d_venv/lib/python3.12/site-packages/fastapi/routing.py", line 1585, in _handle_selected
    await route.handle(scope, receive, send)
  File "/www/wwwroot/cookbook-server/b8138d1504cef8184f7319b108086c2d_venv/lib/python3.12/site-packages/fastapi/routing.py", line 1574, in handle
    await self.original_router.handle(scope, receive, send)
  File "/www/wwwroot/cookbook-server/b8138d1504cef8184f7319b108086c2d_venv/lib/python3.12/site-packages/fastapi/routing.py", line 2012, in handle
    await included_router._handle_selected(scope, receive, send)
  File "/www/wwwroot/cookbook-server/b8138d1504cef8184f7319b108086c2d_venv/lib/python3.12/site-packages/fastapi/routing.py", line 1594, in _handle_selected
    await original_route.handle(scope, receive, send)
  File "/www/wwwroot/cookbook-server/b8138d1504cef8184f7319b108086c2d_venv/lib/python3.12/site-packages/fastapi/routing.py", line 1183, in handle
    await app(scope, receive, send)
  File "/www/wwwroot/cookbook-server/b8138d1504cef8184f7319b108086c2d_venv/lib/python3.12/site-packages/fastapi/routing.py", line 143, in app
    await wrap_app_handling_exceptions(app, request)(scope, receive, send)
  File "/www/wwwroot/cookbook-server/b8138d1504cef8184f7319b108086c2d_venv/lib/python3.12/site-packages/starlette/_exception_handler.py", line 53, in wrapped_app
    raise exc
  File "/www/wwwroot/cookbook-server/b8138d1504cef8184f7319b108086c2d_venv/lib/python3.12/site-packages/starlette/_exception_handler.py", line 42, in wrapped_app
    await app(scope, receive, sender)
  File "/www/wwwroot/cookbook-server/b8138d1504cef8184f7319b108086c2d_venv/lib/python3.12/site-packages/fastapi/routing.py", line 129, in app
    response = await f(request)
               ^^^^^^^^^^^^^^^^
  File "/www/wwwroot/cookbook-server/b8138d1504cef8184f7319b108086c2d_venv/lib/python3.12/site-packages/fastapi/routing.py", line 683, in app
    raw_response = await run_endpoint_function(
                   ^^^^^^^^^^^^^^^^^^^^^^^^^^^^
  File "/www/wwwroot/cookbook-server/b8138d1504cef8184f7319b108086c2d_venv/lib/python3.12/site-packages/fastapi/routing.py", line 337, in run_endpoint_function
    return await dependant.call(**values)
           ^^^^^^^^^^^^^^^^^^^^^^^^^^^^^^
  File "/www/wwwroot/cookbook-server/app/api/v1/recipes.py", line 135, in ranked_recipes
    dishes = await get_ranked_dishes(db, limit=limit)
             ^^^^^^^^^^^^^^^^^^^^^^^^^^^^^^^^^^^^^^^^
  File "/www/wwwroot/cookbook-server/app/services/dish.py", line 81, in get_ranked_dishes
    result = await db.execute(
             ^^^^^^^^^^^^^^^^^
  File "/www/wwwroot/cookbook-server/b8138d1504cef8184f7319b108086c2d_venv/lib/python3.12/site-packages/sqlalchemy/ext/asyncio/session.py", line 448, in execute
    result = await greenlet_spawn(
             ^^^^^^^^^^^^^^^^^^^^^
  File "/www/wwwroot/cookbook-server/b8138d1504cef8184f7319b108086c2d_venv/lib/python3.12/site-packages/sqlalchemy/util/_concurrency_py3k.py", line 201, in greenlet_spawn
    result = context.throw(*sys.exc_info())
             ^^^^^^^^^^^^^^^^^^^^^^^^^^^^^^
  File "/www/wwwroot/cookbook-server/b8138d1504cef8184f7319b108086c2d_venv/lib/python3.12/site-packages/sqlalchemy/orm/session.py", line 2372, in execute
    return self._execute_internal(
           ^^^^^^^^^^^^^^^^^^^^^^^
  File "/www/wwwroot/cookbook-server/b8138d1504cef8184f7319b108086c2d_venv/lib/python3.12/site-packages/sqlalchemy/orm/session.py", line 2270, in _execute_internal
    result: Result[Any] = compile_state_cls.orm_execute_statement(
                          ^^^^^^^^^^^^^^^^^^^^^^^^^^^^^^^^^^^^^^^^
  File "/www/wwwroot/cookbook-server/b8138d1504cef8184f7319b108086c2d_venv/lib/python3.12/site-packages/sqlalchemy/orm/context.py", line 306, in orm_execute_statement
    result = conn.execute(
             ^^^^^^^^^^^^^
  File "/www/wwwroot/cookbook-server/b8138d1504cef8184f7319b108086c2d_venv/lib/python3.12/site-packages/sqlalchemy/engine/base.py", line 1421, in execute
    return meth(
           ^^^^^
  File "/www/wwwroot/cookbook-server/b8138d1504cef8184f7319b108086c2d_venv/lib/python3.12/site-packages/sqlalchemy/sql/elements.py", line 526, in _execute_on_connection
    return connection._execute_clauseelement(
           ^^^^^^^^^^^^^^^^^^^^^^^^^^^^^^^^^^
  File "/www/wwwroot/cookbook-server/b8138d1504cef8184f7319b108086c2d_venv/lib/python3.12/site-packages/sqlalchemy/engine/base.py", line 1643, in _execute_clauseelement
    ret = self._execute_context(
          ^^^^^^^^^^^^^^^^^^^^^^
  File "/www/wwwroot/cookbook-server/b8138d1504cef8184f7319b108086c2d_venv/lib/python3.12/site-packages/sqlalchemy/engine/base.py", line 1848, in _execute_context
    return self._exec_single_context(
           ^^^^^^^^^^^^^^^^^^^^^^^^^^
  File "/www/wwwroot/cookbook-server/b8138d1504cef8184f7319b108086c2d_venv/lib/python3.12/site-packages/sqlalchemy/engine/base.py", line 1988, in _exec_single_context
    self._handle_dbapi_exception(
  File "/www/wwwroot/cookbook-server/b8138d1504cef8184f7319b108086c2d_venv/lib/python3.12/site-packages/sqlalchemy/engine/base.py", line 2365, in _handle_dbapi_exception
    raise sqlalchemy_exception.with_traceback(exc_info[2]) from e
  File "/www/wwwroot/cookbook-server/b8138d1504cef8184f7319b108086c2d_venv/lib/python3.12/site-packages/sqlalchemy/engine/base.py", line 1969, in _exec_single_context
    self.dialect.do_execute(
  File "/www/wwwroot/cookbook-server/b8138d1504cef8184f7319b108086c2d_venv/lib/python3.12/site-packages/sqlalchemy/engine/default.py", line 952, in do_execute
    cursor.execute(statement, parameters)
  File "/www/wwwroot/cookbook-server/b8138d1504cef8184f7319b108086c2d_venv/lib/python3.12/site-packages/sqlalchemy/dialects/postgresql/psycopg.py", line 642, in execute
    result = self.await_(self._cursor.execute(query, params, **kw))
             ^^^^^^^^^^^^^^^^^^^^^^^^^^^^^^^^^^^^^^^^^^^^^^^^^^^^^^
  File "/www/wwwroot/cookbook-server/b8138d1504cef8184f7319b108086c2d_venv/lib/python3.12/site-packages/sqlalchemy/util/_concurrency_py3k.py", line 132, in await_only
    return current.parent.switch(awaitable)  # type: ignore[no-any-return,attr-defined] # noqa: E501
           ^^^^^^^^^^^^^^^^^^^^^^^^^^^^^^^^
  File "/www/wwwroot/cookbook-server/b8138d1504cef8184f7319b108086c2d_venv/lib/python3.12/site-packages/sqlalchemy/util/_concurrency_py3k.py", line 196, in greenlet_spawn
    value = await result
            ^^^^^^^^^^^^
  File "/www/wwwroot/cookbook-server/b8138d1504cef8184f7319b108086c2d_venv/lib/python3.12/site-packages/psycopg/cursor_async.py", line 117, in execute
    raise ex.with_traceback(None)
sqlalchemy.exc.ProgrammingError: (psycopg.errors.UndefinedTable) relation "dishes" does not exist
LINE 2: FROM dishes 
             ^
[SQL: SELECT dishes.name, dishes.cover, dishes.description, dishes.category_id, dishes.cuisine, dishes.tags, dishes.cooking_time, dishes.difficulty, dishes.servings, dishes.tips, dishes.nutrition, dishes.suitable_for, dishes.author_id, dishes.status, dishes.avg_rating, dishes.id, dishes.created_at, dishes.updated_at 
FROM dishes 
WHERE dishes.status = %(status_1)s::VARCHAR AND dishes.avg_rating > %(avg_rating_1)s::INTEGER ORDER BY dishes.avg_rating DESC 
 LIMIT %(param_1)s::INTEGER]
[parameters: {'status_1': 'published', 'avg_rating_1': 0, 'param_1': 10}]
(Background on this error at: https://sqlalche.me/e/20/f405)
INFO:     14.19.150.236:0 - "GET /api/v1/recipes/ranked?limit=10 HTTP/1.0" 500 Internal Server Error
ERROR:    Exception in ASGI application
Traceback (most recent call last):
  File "/www/wwwroot/cookbook-server/b8138d1504cef8184f7319b108086c2d_venv/lib/python3.12/site-packages/sqlalchemy/engine/base.py", line 1969, in _exec_single_context
    self.dialect.do_execute(
  File "/www/wwwroot/cookbook-server/b8138d1504cef8184f7319b108086c2d_venv/lib/python3.12/site-packages/sqlalchemy/engine/default.py", line 952, in do_execute
    cursor.execute(statement, parameters)
  File "/www/wwwroot/cookbook-server/b8138d1504cef8184f7319b108086c2d_venv/lib/python3.12/site-packages/sqlalchemy/dialects/postgresql/psycopg.py", line 642, in execute
    result = self.await_(self._cursor.execute(query, params, **kw))
             ^^^^^^^^^^^^^^^^^^^^^^^^^^^^^^^^^^^^^^^^^^^^^^^^^^^^^^
  File "/www/wwwroot/cookbook-server/b8138d1504cef8184f7319b108086c2d_venv/lib/python3.12/site-packages/sqlalchemy/util/_concurrency_py3k.py", line 132, in await_only
    return current.parent.switch(awaitable)  # type: ignore[no-any-return,attr-defined] # noqa: E501
           ^^^^^^^^^^^^^^^^^^^^^^^^^^^^^^^^
  File "/www/wwwroot/cookbook-server/b8138d1504cef8184f7319b108086c2d_venv/lib/python3.12/site-packages/sqlalchemy/util/_concurrency_py3k.py", line 196, in greenlet_spawn
    value = await result
            ^^^^^^^^^^^^
  File "/www/wwwroot/cookbook-server/b8138d1504cef8184f7319b108086c2d_venv/lib/python3.12/site-packages/psycopg/cursor_async.py", line 117, in execute
    raise ex.with_traceback(None)
psycopg.errors.UndefinedTable: relation "dishes" does not exist
LINE 2: FROM dishes 
             ^

The above exception was the direct cause of the following exception:

Traceback (most recent call last):
  File "/www/wwwroot/cookbook-server/b8138d1504cef8184f7319b108086c2d_venv/lib/python3.12/site-packages/uvicorn/protocols/http/httptools_impl.py", line 421, in run_asgi
    result = await app(  # type: ignore[func-returns-value]
             ^^^^^^^^^^^^^^^^^^^^^^^^^^^^^^^^^^^^^^^^^^^^^^
  File "/www/wwwroot/cookbook-server/b8138d1504cef8184f7319b108086c2d_venv/lib/python3.12/site-packages/uvicorn/middleware/proxy_headers.py", line 62, in __call__
    return await self.app(scope, receive, send)
           ^^^^^^^^^^^^^^^^^^^^^^^^^^^^^^^^^^^^
  File "/www/wwwroot/cookbook-server/b8138d1504cef8184f7319b108086c2d_venv/lib/python3.12/site-packages/fastapi/applications.py", line 1162, in __call__
    await super().__call__(scope, receive, send)
  File "/www/wwwroot/cookbook-server/b8138d1504cef8184f7319b108086c2d_venv/lib/python3.12/site-packages/starlette/applications.py", line 90, in __call__
    await self.middleware_stack(scope, receive, send)
  File "/www/wwwroot/cookbook-server/b8138d1504cef8184f7319b108086c2d_venv/lib/python3.12/site-packages/starlette/middleware/errors.py", line 186, in __call__
    raise exc
  File "/www/wwwroot/cookbook-server/b8138d1504cef8184f7319b108086c2d_venv/lib/python3.12/site-packages/starlette/middleware/errors.py", line 164, in __call__
    await self.app(scope, receive, _send)
  File "/www/wwwroot/cookbook-server/b8138d1504cef8184f7319b108086c2d_venv/lib/python3.12/site-packages/starlette/middleware/exceptions.py", line 63, in __call__
    await wrap_app_handling_exceptions(self.app, conn)(scope, receive, send)
  File "/www/wwwroot/cookbook-server/b8138d1504cef8184f7319b108086c2d_venv/lib/python3.12/site-packages/starlette/_exception_handler.py", line 53, in wrapped_app
    raise exc
  File "/www/wwwroot/cookbook-server/b8138d1504cef8184f7319b108086c2d_venv/lib/python3.12/site-packages/starlette/_exception_handler.py", line 42, in wrapped_app
    await app(scope, receive, sender)
  File "/www/wwwroot/cookbook-server/b8138d1504cef8184f7319b108086c2d_venv/lib/python3.12/site-packages/fastapi/middleware/asyncexitstack.py", line 18, in __call__
    await self.app(scope, receive, send)
  File "/www/wwwroot/cookbook-server/b8138d1504cef8184f7319b108086c2d_venv/lib/python3.12/site-packages/starlette/routing.py", line 660, in __call__
    await self.middleware_stack(scope, receive, send)
  File "/www/wwwroot/cookbook-server/b8138d1504cef8184f7319b108086c2d_venv/lib/python3.12/site-packages/starlette/routing.py", line 680, in app
    await route.handle(scope, receive, send)
  File "/www/wwwroot/cookbook-server/b8138d1504cef8184f7319b108086c2d_venv/lib/python3.12/site-packages/fastapi/routing.py", line 1574, in handle
    await self.original_router.handle(scope, receive, send)
  File "/www/wwwroot/cookbook-server/b8138d1504cef8184f7319b108086c2d_venv/lib/python3.12/site-packages/fastapi/routing.py", line 2012, in handle
    await included_router._handle_selected(scope, receive, send)
  File "/www/wwwroot/cookbook-server/b8138d1504cef8184f7319b108086c2d_venv/lib/python3.12/site-packages/fastapi/routing.py", line 1585, in _handle_selected
    await route.handle(scope, receive, send)
  File "/www/wwwroot/cookbook-server/b8138d1504cef8184f7319b108086c2d_venv/lib/python3.12/site-packages/fastapi/routing.py", line 1574, in handle
    await self.original_router.handle(scope, receive, send)
  File "/www/wwwroot/cookbook-server/b8138d1504cef8184f7319b108086c2d_venv/lib/python3.12/site-packages/fastapi/routing.py", line 2012, in handle
    await included_router._handle_selected(scope, receive, send)
  File "/www/wwwroot/cookbook-server/b8138d1504cef8184f7319b108086c2d_venv/lib/python3.12/site-packages/fastapi/routing.py", line 1594, in _handle_selected
    await original_route.handle(scope, receive, send)
  File "/www/wwwroot/cookbook-server/b8138d1504cef8184f7319b108086c2d_venv/lib/python3.12/site-packages/fastapi/routing.py", line 1183, in handle
    await app(scope, receive, send)
  File "/www/wwwroot/cookbook-server/b8138d1504cef8184f7319b108086c2d_venv/lib/python3.12/site-packages/fastapi/routing.py", line 143, in app
    await wrap_app_handling_exceptions(app, request)(scope, receive, send)
  File "/www/wwwroot/cookbook-server/b8138d1504cef8184f7319b108086c2d_venv/lib/python3.12/site-packages/starlette/_exception_handler.py", line 53, in wrapped_app
    raise exc
  File "/www/wwwroot/cookbook-server/b8138d1504cef8184f7319b108086c2d_venv/lib/python3.12/site-packages/starlette/_exception_handler.py", line 42, in wrapped_app
    await app(scope, receive, sender)
  File "/www/wwwroot/cookbook-server/b8138d1504cef8184f7319b108086c2d_venv/lib/python3.12/site-packages/fastapi/routing.py", line 129, in app
    response = await f(request)
               ^^^^^^^^^^^^^^^^
  File "/www/wwwroot/cookbook-server/b8138d1504cef8184f7319b108086c2d_venv/lib/python3.12/site-packages/fastapi/routing.py", line 683, in app
    raw_response = await run_endpoint_function(
                   ^^^^^^^^^^^^^^^^^^^^^^^^^^^^
  File "/www/wwwroot/cookbook-server/b8138d1504cef8184f7319b108086c2d_venv/lib/python3.12/site-packages/fastapi/routing.py", line 337, in run_endpoint_function
    return await dependant.call(**values)
           ^^^^^^^^^^^^^^^^^^^^^^^^^^^^^^
  File "/www/wwwroot/cookbook-server/app/api/v1/recipes.py", line 135, in ranked_recipes
    dishes = await get_ranked_dishes(db, limit=limit)
             ^^^^^^^^^^^^^^^^^^^^^^^^^^^^^^^^^^^^^^^^
  File "/www/wwwroot/cookbook-server/app/services/dish.py", line 81, in get_ranked_dishes
    result = await db.execute(
             ^^^^^^^^^^^^^^^^^
  File "/www/wwwroot/cookbook-server/b8138d1504cef8184f7319b108086c2d_venv/lib/python3.12/site-packages/sqlalchemy/ext/asyncio/session.py", line 448, in execute
    result = await greenlet_spawn(
             ^^^^^^^^^^^^^^^^^^^^^
  File "/www/wwwroot/cookbook-server/b8138d1504cef8184f7319b108086c2d_venv/lib/python3.12/site-packages/sqlalchemy/util/_concurrency_py3k.py", line 201, in greenlet_spawn
    result = context.throw(*sys.exc_info())
             ^^^^^^^^^^^^^^^^^^^^^^^^^^^^^^
  File "/www/wwwroot/cookbook-server/b8138d1504cef8184f7319b108086c2d_venv/lib/python3.12/site-packages/sqlalchemy/orm/session.py", line 2372, in execute
    return self._execute_internal(
           ^^^^^^^^^^^^^^^^^^^^^^^
  File "/www/wwwroot/cookbook-server/b8138d1504cef8184f7319b108086c2d_venv/lib/python3.12/site-packages/sqlalchemy/orm/session.py", line 2270, in _execute_internal
    result: Result[Any] = compile_state_cls.orm_execute_statement(
                          ^^^^^^^^^^^^^^^^^^^^^^^^^^^^^^^^^^^^^^^^
  File "/www/wwwroot/cookbook-server/b8138d1504cef8184f7319b108086c2d_venv/lib/python3.12/site-packages/sqlalchemy/orm/context.py", line 306, in orm_execute_statement
    result = conn.execute(
             ^^^^^^^^^^^^^
  File "/www/wwwroot/cookbook-server/b8138d1504cef8184f7319b108086c2d_venv/lib/python3.12/site-packages/sqlalchemy/engine/base.py", line 1421, in execute
    return meth(
           ^^^^^
  File "/www/wwwroot/cookbook-server/b8138d1504cef8184f7319b108086c2d_venv/lib/python3.12/site-packages/sqlalchemy/sql/elements.py", line 526, in _execute_on_connection
    return connection._execute_clauseelement(
           ^^^^^^^^^^^^^^^^^^^^^^^^^^^^^^^^^^
  File "/www/wwwroot/cookbook-server/b8138d1504cef8184f7319b108086c2d_venv/lib/python3.12/site-packages/sqlalchemy/engine/base.py", line 1643, in _execute_clauseelement
    ret = self._execute_context(
          ^^^^^^^^^^^^^^^^^^^^^^
  File "/www/wwwroot/cookbook-server/b8138d1504cef8184f7319b108086c2d_venv/lib/python3.12/site-packages/sqlalchemy/engine/base.py", line 1848, in _execute_context
    return self._exec_single_context(
           ^^^^^^^^^^^^^^^^^^^^^^^^^^
  File "/www/wwwroot/cookbook-server/b8138d1504cef8184f7319b108086c2d_venv/lib/python3.12/site-packages/sqlalchemy/engine/base.py", line 1988, in _exec_single_context
    self._handle_dbapi_exception(
  File "/www/wwwroot/cookbook-server/b8138d1504cef8184f7319b108086c2d_venv/lib/python3.12/site-packages/sqlalchemy/engine/base.py", line 2365, in _handle_dbapi_exception
    raise sqlalchemy_exception.with_traceback(exc_info[2]) from e
  File "/www/wwwroot/cookbook-server/b8138d1504cef8184f7319b108086c2d_venv/lib/python3.12/site-packages/sqlalchemy/engine/base.py", line 1969, in _exec_single_context
    self.dialect.do_execute(
  File "/www/wwwroot/cookbook-server/b8138d1504cef8184f7319b108086c2d_venv/lib/python3.12/site-packages/sqlalchemy/engine/default.py", line 952, in do_execute
    cursor.execute(statement, parameters)
  File "/www/wwwroot/cookbook-server/b8138d1504cef8184f7319b108086c2d_venv/lib/python3.12/site-packages/sqlalchemy/dialects/postgresql/psycopg.py", line 642, in execute
    result = self.await_(self._cursor.execute(query, params, **kw))
             ^^^^^^^^^^^^^^^^^^^^^^^^^^^^^^^^^^^^^^^^^^^^^^^^^^^^^^
  File "/www/wwwroot/cookbook-server/b8138d1504cef8184f7319b108086c2d_venv/lib/python3.12/site-packages/sqlalchemy/util/_concurrency_py3k.py", line 132, in await_only
    return current.parent.switch(awaitable)  # type: ignore[no-any-return,attr-defined] # noqa: E501
           ^^^^^^^^^^^^^^^^^^^^^^^^^^^^^^^^
  File "/www/wwwroot/cookbook-server/b8138d1504cef8184f7319b108086c2d_venv/lib/python3.12/site-packages/sqlalchemy/util/_concurrency_py3k.py", line 196, in greenlet_spawn
    value = await result
            ^^^^^^^^^^^^
  File "/www/wwwroot/cookbook-server/b8138d1504cef8184f7319b108086c2d_venv/lib/python3.12/site-packages/psycopg/cursor_async.py", line 117, in execute
    raise ex.with_traceback(None)
sqlalchemy.exc.ProgrammingError: (psycopg.errors.UndefinedTable) relation "dishes" does not exist
LINE 2: FROM dishes 
             ^
[SQL: SELECT dishes.name, dishes.cover, dishes.description, dishes.category_id, dishes.cuisine, dishes.tags, dishes.cooking_time, dishes.difficulty, dishes.servings, dishes.tips, dishes.nutrition, dishes.suitable_for, dishes.author_id, dishes.status, dishes.avg_rating, dishes.id, dishes.created_at, dishes.updated_at 
FROM dishes 
WHERE dishes.status = %(status_1)s::VARCHAR AND dishes.avg_rating > %(avg_rating_1)s::INTEGER ORDER BY dishes.avg_rating DESC 
 LIMIT %(param_1)s::INTEGER]
[parameters: {'status_1': 'published', 'avg_rating_1': 0, 'param_1': 10}]
(Background on this error at: https://sqlalche.me/e/20/f405)
ERROR:    Unhandled GET /api/v1/recipes
Traceback (most recent call last):
  File "/www/wwwroot/cookbook-server/b8138d1504cef8184f7319b108086c2d_venv/lib/python3.12/site-packages/sqlalchemy/engine/base.py", line 1969, in _exec_single_context
    self.dialect.do_execute(
  File "/www/wwwroot/cookbook-server/b8138d1504cef8184f7319b108086c2d_venv/lib/python3.12/site-packages/sqlalchemy/engine/default.py", line 952, in do_execute
    cursor.execute(statement, parameters)
  File "/www/wwwroot/cookbook-server/b8138d1504cef8184f7319b108086c2d_venv/lib/python3.12/site-packages/sqlalchemy/dialects/postgresql/psycopg.py", line 642, in execute
    result = self.await_(self._cursor.execute(query, params, **kw))
             ^^^^^^^^^^^^^^^^^^^^^^^^^^^^^^^^^^^^^^^^^^^^^^^^^^^^^^
  File "/www/wwwroot/cookbook-server/b8138d1504cef8184f7319b108086c2d_venv/lib/python3.12/site-packages/sqlalchemy/util/_concurrency_py3k.py", line 132, in await_only
    return current.parent.switch(awaitable)  # type: ignore[no-any-return,attr-defined] # noqa: E501
           ^^^^^^^^^^^^^^^^^^^^^^^^^^^^^^^^
  File "/www/wwwroot/cookbook-server/b8138d1504cef8184f7319b108086c2d_venv/lib/python3.12/site-packages/sqlalchemy/util/_concurrency_py3k.py", line 196, in greenlet_spawn
    value = await result
            ^^^^^^^^^^^^
  File "/www/wwwroot/cookbook-server/b8138d1504cef8184f7319b108086c2d_venv/lib/python3.12/site-packages/psycopg/cursor_async.py", line 117, in execute
    raise ex.with_traceback(None)
psycopg.errors.UndefinedTable: relation "dishes" does not exist
LINE 2: FROM dishes 
             ^

The above exception was the direct cause of the following exception:

Traceback (most recent call last):
  File "/www/wwwroot/cookbook-server/b8138d1504cef8184f7319b108086c2d_venv/lib/python3.12/site-packages/starlette/middleware/errors.py", line 164, in __call__
    await self.app(scope, receive, _send)
  File "/www/wwwroot/cookbook-server/b8138d1504cef8184f7319b108086c2d_venv/lib/python3.12/site-packages/starlette/middleware/exceptions.py", line 63, in __call__
    await wrap_app_handling_exceptions(self.app, conn)(scope, receive, send)
  File "/www/wwwroot/cookbook-server/b8138d1504cef8184f7319b108086c2d_venv/lib/python3.12/site-packages/starlette/_exception_handler.py", line 53, in wrapped_app
    raise exc
  File "/www/wwwroot/cookbook-server/b8138d1504cef8184f7319b108086c2d_venv/lib/python3.12/site-packages/starlette/_exception_handler.py", line 42, in wrapped_app
    await app(scope, receive, sender)
  File "/www/wwwroot/cookbook-server/b8138d1504cef8184f7319b108086c2d_venv/lib/python3.12/site-packages/fastapi/middleware/asyncexitstack.py", line 18, in __call__
    await self.app(scope, receive, send)
  File "/www/wwwroot/cookbook-server/b8138d1504cef8184f7319b108086c2d_venv/lib/python3.12/site-packages/starlette/routing.py", line 660, in __call__
    await self.middleware_stack(scope, receive, send)
  File "/www/wwwroot/cookbook-server/b8138d1504cef8184f7319b108086c2d_venv/lib/python3.12/site-packages/starlette/routing.py", line 680, in app
    await route.handle(scope, receive, send)
  File "/www/wwwroot/cookbook-server/b8138d1504cef8184f7319b108086c2d_venv/lib/python3.12/site-packages/fastapi/routing.py", line 1574, in handle
    await self.original_router.handle(scope, receive, send)
  File "/www/wwwroot/cookbook-server/b8138d1504cef8184f7319b108086c2d_venv/lib/python3.12/site-packages/fastapi/routing.py", line 2012, in handle
    await included_router._handle_selected(scope, receive, send)
  File "/www/wwwroot/cookbook-server/b8138d1504cef8184f7319b108086c2d_venv/lib/python3.12/site-packages/fastapi/routing.py", line 1585, in _handle_selected
    await route.handle(scope, receive, send)
  File "/www/wwwroot/cookbook-server/b8138d1504cef8184f7319b108086c2d_venv/lib/python3.12/site-packages/fastapi/routing.py", line 1574, in handle
    await self.original_router.handle(scope, receive, send)
  File "/www/wwwroot/cookbook-server/b8138d1504cef8184f7319b108086c2d_venv/lib/python3.12/site-packages/fastapi/routing.py", line 2012, in handle
    await included_router._handle_selected(scope, receive, send)
  File "/www/wwwroot/cookbook-server/b8138d1504cef8184f7319b108086c2d_venv/lib/python3.12/site-packages/fastapi/routing.py", line 1594, in _handle_selected
    await original_route.handle(scope, receive, send)
  File "/www/wwwroot/cookbook-server/b8138d1504cef8184f7319b108086c2d_venv/lib/python3.12/site-packages/fastapi/routing.py", line 1183, in handle
    await app(scope, receive, send)
  File "/www/wwwroot/cookbook-server/b8138d1504cef8184f7319b108086c2d_venv/lib/python3.12/site-packages/fastapi/routing.py", line 143, in app
    await wrap_app_handling_exceptions(app, request)(scope, receive, send)
  File "/www/wwwroot/cookbook-server/b8138d1504cef8184f7319b108086c2d_venv/lib/python3.12/site-packages/starlette/_exception_handler.py", line 53, in wrapped_app
    raise exc
  File "/www/wwwroot/cookbook-server/b8138d1504cef8184f7319b108086c2d_venv/lib/python3.12/site-packages/starlette/_exception_handler.py", line 42, in wrapped_app
    await app(scope, receive, sender)
  File "/www/wwwroot/cookbook-server/b8138d1504cef8184f7319b108086c2d_venv/lib/python3.12/site-packages/fastapi/routing.py", line 129, in app
    response = await f(request)
               ^^^^^^^^^^^^^^^^
  File "/www/wwwroot/cookbook-server/b8138d1504cef8184f7319b108086c2d_venv/lib/python3.12/site-packages/fastapi/routing.py", line 683, in app
    raw_response = await run_endpoint_function(
                   ^^^^^^^^^^^^^^^^^^^^^^^^^^^^
  File "/www/wwwroot/cookbook-server/b8138d1504cef8184f7319b108086c2d_venv/lib/python3.12/site-packages/fastapi/routing.py", line 337, in run_endpoint_function
    return await dependant.call(**values)
           ^^^^^^^^^^^^^^^^^^^^^^^^^^^^^^
  File "/www/wwwroot/cookbook-server/app/api/v1/recipes.py", line 112, in list_recipes
    dishes, total = await get_dishes(
                    ^^^^^^^^^^^^^^^^^
  File "/www/wwwroot/cookbook-server/app/services/dish.py", line 59, in get_dishes
    total_result = await db.execute(count_base)
                   ^^^^^^^^^^^^^^^^^^^^^^^^^^^^
  File "/www/wwwroot/cookbook-server/b8138d1504cef8184f7319b108086c2d_venv/lib/python3.12/site-packages/sqlalchemy/ext/asyncio/session.py", line 448, in execute
    result = await greenlet_spawn(
             ^^^^^^^^^^^^^^^^^^^^^
  File "/www/wwwroot/cookbook-server/b8138d1504cef8184f7319b108086c2d_venv/lib/python3.12/site-packages/sqlalchemy/util/_concurrency_py3k.py", line 201, in greenlet_spawn
    result = context.throw(*sys.exc_info())
             ^^^^^^^^^^^^^^^^^^^^^^^^^^^^^^
  File "/www/wwwroot/cookbook-server/b8138d1504cef8184f7319b108086c2d_venv/lib/python3.12/site-packages/sqlalchemy/orm/session.py", line 2372, in execute
    return self._execute_internal(
           ^^^^^^^^^^^^^^^^^^^^^^^
  File "/www/wwwroot/cookbook-server/b8138d1504cef8184f7319b108086c2d_venv/lib/python3.12/site-packages/sqlalchemy/orm/session.py", line 2270, in _execute_internal
    result: Result[Any] = compile_state_cls.orm_execute_statement(
                          ^^^^^^^^^^^^^^^^^^^^^^^^^^^^^^^^^^^^^^^^
  File "/www/wwwroot/cookbook-server/b8138d1504cef8184f7319b108086c2d_venv/lib/python3.12/site-packages/sqlalchemy/orm/context.py", line 306, in orm_execute_statement
    result = conn.execute(
             ^^^^^^^^^^^^^
  File "/www/wwwroot/cookbook-server/b8138d1504cef8184f7319b108086c2d_venv/lib/python3.12/site-packages/sqlalchemy/engine/base.py", line 1421, in execute
    return meth(
           ^^^^^
  File "/www/wwwroot/cookbook-server/b8138d1504cef8184f7319b108086c2d_venv/lib/python3.12/site-packages/sqlalchemy/sql/elements.py", line 526, in _execute_on_connection
    return connection._execute_clauseelement(
           ^^^^^^^^^^^^^^^^^^^^^^^^^^^^^^^^^^
  File "/www/wwwroot/cookbook-server/b8138d1504cef8184f7319b108086c2d_venv/lib/python3.12/site-packages/sqlalchemy/engine/base.py", line 1643, in _execute_clauseelement
    ret = self._execute_context(
          ^^^^^^^^^^^^^^^^^^^^^^
  File "/www/wwwroot/cookbook-server/b8138d1504cef8184f7319b108086c2d_venv/lib/python3.12/site-packages/sqlalchemy/engine/base.py", line 1848, in _execute_context
    return self._exec_single_context(
           ^^^^^^^^^^^^^^^^^^^^^^^^^^
  File "/www/wwwroot/cookbook-server/b8138d1504cef8184f7319b108086c2d_venv/lib/python3.12/site-packages/sqlalchemy/engine/base.py", line 1988, in _exec_single_context
    self._handle_dbapi_exception(
  File "/www/wwwroot/cookbook-server/b8138d1504cef8184f7319b108086c2d_venv/lib/python3.12/site-packages/sqlalchemy/engine/base.py", line 2365, in _handle_dbapi_exception
    raise sqlalchemy_exception.with_traceback(exc_info[2]) from e
  File "/www/wwwroot/cookbook-server/b8138d1504cef8184f7319b108086c2d_venv/lib/python3.12/site-packages/sqlalchemy/engine/base.py", line 1969, in _exec_single_context
    self.dialect.do_execute(
  File "/www/wwwroot/cookbook-server/b8138d1504cef8184f7319b108086c2d_venv/lib/python3.12/site-packages/sqlalchemy/engine/default.py", line 952, in do_execute
    cursor.execute(statement, parameters)
  File "/www/wwwroot/cookbook-server/b8138d1504cef8184f7319b108086c2d_venv/lib/python3.12/site-packages/sqlalchemy/dialects/postgresql/psycopg.py", line 642, in execute
    result = self.await_(self._cursor.execute(query, params, **kw))
             ^^^^^^^^^^^^^^^^^^^^^^^^^^^^^^^^^^^^^^^^^^^^^^^^^^^^^^
  File "/www/wwwroot/cookbook-server/b8138d1504cef8184f7319b108086c2d_venv/lib/python3.12/site-packages/sqlalchemy/util/_concurrency_py3k.py", line 132, in await_only
    return current.parent.switch(awaitable)  # type: ignore[no-any-return,attr-defined] # noqa: E501
           ^^^^^^^^^^^^^^^^^^^^^^^^^^^^^^^^
  File "/www/wwwroot/cookbook-server/b8138d1504cef8184f7319b108086c2d_venv/lib/python3.12/site-packages/sqlalchemy/util/_concurrency_py3k.py", line 196, in greenlet_spawn
    value = await result
            ^^^^^^^^^^^^
  File "/www/wwwroot/cookbook-server/b8138d1504cef8184f7319b108086c2d_venv/lib/python3.12/site-packages/psycopg/cursor_async.py", line 117, in execute
    raise ex.with_traceback(None)
sqlalchemy.exc.ProgrammingError: (psycopg.errors.UndefinedTable) relation "dishes" does not exist
LINE 2: FROM dishes 
             ^
[SQL: SELECT count(dishes.id) AS count_1 
FROM dishes 
WHERE dishes.status = %(status_1)s::VARCHAR]
[parameters: {'status_1': 'published'}]
(Background on this error at: https://sqlalche.me/e/20/f405)
INFO:     14.19.150.236:0 - "GET /api/v1/recipes?page=1&pageSize=10&sort=rating HTTP/1.0" 500 Internal Server Error
ERROR:    Exception in ASGI application
Traceback (most recent call last):
  File "/www/wwwroot/cookbook-server/b8138d1504cef8184f7319b108086c2d_venv/lib/python3.12/site-packages/sqlalchemy/engine/base.py", line 1969, in _exec_single_context
    self.dialect.do_execute(
  File "/www/wwwroot/cookbook-server/b8138d1504cef8184f7319b108086c2d_venv/lib/python3.12/site-packages/sqlalchemy/engine/default.py", line 952, in do_execute
    cursor.execute(statement, parameters)
  File "/www/wwwroot/cookbook-server/b8138d1504cef8184f7319b108086c2d_venv/lib/python3.12/site-packages/sqlalchemy/dialects/postgresql/psycopg.py", line 642, in execute
    result = self.await_(self._cursor.execute(query, params, **kw))
             ^^^^^^^^^^^^^^^^^^^^^^^^^^^^^^^^^^^^^^^^^^^^^^^^^^^^^^
  File "/www/wwwroot/cookbook-server/b8138d1504cef8184f7319b108086c2d_venv/lib/python3.12/site-packages/sqlalchemy/util/_concurrency_py3k.py", line 132, in await_only
    return current.parent.switch(awaitable)  # type: ignore[no-any-return,attr-defined] # noqa: E501
           ^^^^^^^^^^^^^^^^^^^^^^^^^^^^^^^^
  File "/www/wwwroot/cookbook-server/b8138d1504cef8184f7319b108086c2d_venv/lib/python3.12/site-packages/sqlalchemy/util/_concurrency_py3k.py", line 196, in greenlet_spawn
    value = await result
            ^^^^^^^^^^^^
  File "/www/wwwroot/cookbook-server/b8138d1504cef8184f7319b108086c2d_venv/lib/python3.12/site-packages/psycopg/cursor_async.py", line 117, in execute
    raise ex.with_traceback(None)
psycopg.errors.UndefinedTable: relation "dishes" does not exist
LINE 2: FROM dishes 
             ^

The above exception was the direct cause of the following exception:

Traceback (most recent call last):
  File "/www/wwwroot/cookbook-server/b8138d1504cef8184f7319b108086c2d_venv/lib/python3.12/site-packages/uvicorn/protocols/http/httptools_impl.py", line 421, in run_asgi
    result = await app(  # type: ignore[func-returns-value]
             ^^^^^^^^^^^^^^^^^^^^^^^^^^^^^^^^^^^^^^^^^^^^^^
  File "/www/wwwroot/cookbook-server/b8138d1504cef8184f7319b108086c2d_venv/lib/python3.12/site-packages/uvicorn/middleware/proxy_headers.py", line 62, in __call__
    return await self.app(scope, receive, send)
           ^^^^^^^^^^^^^^^^^^^^^^^^^^^^^^^^^^^^
  File "/www/wwwroot/cookbook-server/b8138d1504cef8184f7319b108086c2d_venv/lib/python3.12/site-packages/fastapi/applications.py", line 1162, in __call__
    await super().__call__(scope, receive, send)
  File "/www/wwwroot/cookbook-server/b8138d1504cef8184f7319b108086c2d_venv/lib/python3.12/site-packages/starlette/applications.py", line 90, in __call__
    await self.middleware_stack(scope, receive, send)
  File "/www/wwwroot/cookbook-server/b8138d1504cef8184f7319b108086c2d_venv/lib/python3.12/site-packages/starlette/middleware/errors.py", line 186, in __call__
    raise exc
  File "/www/wwwroot/cookbook-server/b8138d1504cef8184f7319b108086c2d_venv/lib/python3.12/site-packages/starlette/middleware/errors.py", line 164, in __call__
    await self.app(scope, receive, _send)
  File "/www/wwwroot/cookbook-server/b8138d1504cef8184f7319b108086c2d_venv/lib/python3.12/site-packages/starlette/middleware/exceptions.py", line 63, in __call__
    await wrap_app_handling_exceptions(self.app, conn)(scope, receive, send)
  File "/www/wwwroot/cookbook-server/b8138d1504cef8184f7319b108086c2d_venv/lib/python3.12/site-packages/starlette/_exception_handler.py", line 53, in wrapped_app
    raise exc
  File "/www/wwwroot/cookbook-server/b8138d1504cef8184f7319b108086c2d_venv/lib/python3.12/site-packages/starlette/_exception_handler.py", line 42, in wrapped_app
    await app(scope, receive, sender)
  File "/www/wwwroot/cookbook-server/b8138d1504cef8184f7319b108086c2d_venv/lib/python3.12/site-packages/fastapi/middleware/asyncexitstack.py", line 18, in __call__
    await self.app(scope, receive, send)
  File "/www/wwwroot/cookbook-server/b8138d1504cef8184f7319b108086c2d_venv/lib/python3.12/site-packages/starlette/routing.py", line 660, in __call__
    await self.middleware_stack(scope, receive, send)
  File "/www/wwwroot/cookbook-server/b8138d1504cef8184f7319b108086c2d_venv/lib/python3.12/site-packages/starlette/routing.py", line 680, in app
    await route.handle(scope, receive, send)
  File "/www/wwwroot/cookbook-server/b8138d1504cef8184f7319b108086c2d_venv/lib/python3.12/site-packages/fastapi/routing.py", line 1574, in handle
    await self.original_router.handle(scope, receive, send)
  File "/www/wwwroot/cookbook-server/b8138d1504cef8184f7319b108086c2d_venv/lib/python3.12/site-packages/fastapi/routing.py", line 2012, in handle
    await included_router._handle_selected(scope, receive, send)
  File "/www/wwwroot/cookbook-server/b8138d1504cef8184f7319b108086c2d_venv/lib/python3.12/site-packages/fastapi/routing.py", line 1585, in _handle_selected
    await route.handle(scope, receive, send)
  File "/www/wwwroot/cookbook-server/b8138d1504cef8184f7319b108086c2d_venv/lib/python3.12/site-packages/fastapi/routing.py", line 1574, in handle
    await self.original_router.handle(scope, receive, send)
  File "/www/wwwroot/cookbook-server/b8138d1504cef8184f7319b108086c2d_venv/lib/python3.12/site-packages/fastapi/routing.py", line 2012, in handle
    await included_router._handle_selected(scope, receive, send)
  File "/www/wwwroot/cookbook-server/b8138d1504cef8184f7319b108086c2d_venv/lib/python3.12/site-packages/fastapi/routing.py", line 1594, in _handle_selected
    await original_route.handle(scope, receive, send)
  File "/www/wwwroot/cookbook-server/b8138d1504cef8184f7319b108086c2d_venv/lib/python3.12/site-packages/fastapi/routing.py", line 1183, in handle
    await app(scope, receive, send)
  File "/www/wwwroot/cookbook-server/b8138d1504cef8184f7319b108086c2d_venv/lib/python3.12/site-packages/fastapi/routing.py", line 143, in app
    await wrap_app_handling_exceptions(app, request)(scope, receive, send)
  File "/www/wwwroot/cookbook-server/b8138d1504cef8184f7319b108086c2d_venv/lib/python3.12/site-packages/starlette/_exception_handler.py", line 53, in wrapped_app
    raise exc
  File "/www/wwwroot/cookbook-server/b8138d1504cef8184f7319b108086c2d_venv/lib/python3.12/site-packages/starlette/_exception_handler.py", line 42, in wrapped_app
    await app(scope, receive, sender)
  File "/www/wwwroot/cookbook-server/b8138d1504cef8184f7319b108086c2d_venv/lib/python3.12/site-packages/fastapi/routing.py", line 129, in app
    response = await f(request)
               ^^^^^^^^^^^^^^^^
  File "/www/wwwroot/cookbook-server/b8138d1504cef8184f7319b108086c2d_venv/lib/python3.12/site-packages/fastapi/routing.py", line 683, in app
    raw_response = await run_endpoint_function(
                   ^^^^^^^^^^^^^^^^^^^^^^^^^^^^
  File "/www/wwwroot/cookbook-server/b8138d1504cef8184f7319b108086c2d_venv/lib/python3.12/site-packages/fastapi/routing.py", line 337, in run_endpoint_function
    return await dependant.call(**values)
           ^^^^^^^^^^^^^^^^^^^^^^^^^^^^^^
  File "/www/wwwroot/cookbook-server/app/api/v1/recipes.py", line 112, in list_recipes
    dishes, total = await get_dishes(
                    ^^^^^^^^^^^^^^^^^
  File "/www/wwwroot/cookbook-server/app/services/dish.py", line 59, in get_dishes
    total_result = await db.execute(count_base)
                   ^^^^^^^^^^^^^^^^^^^^^^^^^^^^
  File "/www/wwwroot/cookbook-server/b8138d1504cef8184f7319b108086c2d_venv/lib/python3.12/site-packages/sqlalchemy/ext/asyncio/session.py", line 448, in execute
    result = await greenlet_spawn(
             ^^^^^^^^^^^^^^^^^^^^^
  File "/www/wwwroot/cookbook-server/b8138d1504cef8184f7319b108086c2d_venv/lib/python3.12/site-packages/sqlalchemy/util/_concurrency_py3k.py", line 201, in greenlet_spawn
    result = context.throw(*sys.exc_info())
             ^^^^^^^^^^^^^^^^^^^^^^^^^^^^^^
  File "/www/wwwroot/cookbook-server/b8138d1504cef8184f7319b108086c2d_venv/lib/python3.12/site-packages/sqlalchemy/orm/session.py", line 2372, in execute
    return self._execute_internal(
           ^^^^^^^^^^^^^^^^^^^^^^^
  File "/www/wwwroot/cookbook-server/b8138d1504cef8184f7319b108086c2d_venv/lib/python3.12/site-packages/sqlalchemy/orm/session.py", line 2270, in _execute_internal
    result: Result[Any] = compile_state_cls.orm_execute_statement(
                          ^^^^^^^^^^^^^^^^^^^^^^^^^^^^^^^^^^^^^^^^
  File "/www/wwwroot/cookbook-server/b8138d1504cef8184f7319b108086c2d_venv/lib/python3.12/site-packages/sqlalchemy/orm/context.py", line 306, in orm_execute_statement
    result = conn.execute(
             ^^^^^^^^^^^^^
  File "/www/wwwroot/cookbook-server/b8138d1504cef8184f7319b108086c2d_venv/lib/python3.12/site-packages/sqlalchemy/engine/base.py", line 1421, in execute
    return meth(
           ^^^^^
  File "/www/wwwroot/cookbook-server/b8138d1504cef8184f7319b108086c2d_venv/lib/python3.12/site-packages/sqlalchemy/sql/elements.py", line 526, in _execute_on_connection
    return connection._execute_clauseelement(
           ^^^^^^^^^^^^^^^^^^^^^^^^^^^^^^^^^^
  File "/www/wwwroot/cookbook-server/b8138d1504cef8184f7319b108086c2d_venv/lib/python3.12/site-packages/sqlalchemy/engine/base.py", line 1643, in _execute_clauseelement
    ret = self._execute_context(
          ^^^^^^^^^^^^^^^^^^^^^^
  File "/www/wwwroot/cookbook-server/b8138d1504cef8184f7319b108086c2d_venv/lib/python3.12/site-packages/sqlalchemy/engine/base.py", line 1848, in _execute_context
    return self._exec_single_context(
           ^^^^^^^^^^^^^^^^^^^^^^^^^^
  File "/www/wwwroot/cookbook-server/b8138d1504cef8184f7319b108086c2d_venv/lib/python3.12/site-packages/sqlalchemy/engine/base.py", line 1988, in _exec_single_context
    self._handle_dbapi_exception(
  File "/www/wwwroot/cookbook-server/b8138d1504cef8184f7319b108086c2d_venv/lib/python3.12/site-packages/sqlalchemy/engine/base.py", line 2365, in _handle_dbapi_exception
    raise sqlalchemy_exception.with_traceback(exc_info[2]) from e
  File "/www/wwwroot/cookbook-server/b8138d1504cef8184f7319b108086c2d_venv/lib/python3.12/site-packages/sqlalchemy/engine/base.py", line 1969, in _exec_single_context
    self.dialect.do_execute(
  File "/www/wwwroot/cookbook-server/b8138d1504cef8184f7319b108086c2d_venv/lib/python3.12/site-packages/sqlalchemy/engine/default.py", line 952, in do_execute
    cursor.execute(statement, parameters)
  File "/www/wwwroot/cookbook-server/b8138d1504cef8184f7319b108086c2d_venv/lib/python3.12/site-packages/sqlalchemy/dialects/postgresql/psycopg.py", line 642, in execute
    result = self.await_(self._cursor.execute(query, params, **kw))
             ^^^^^^^^^^^^^^^^^^^^^^^^^^^^^^^^^^^^^^^^^^^^^^^^^^^^^^
  File "/www/wwwroot/cookbook-server/b8138d1504cef8184f7319b108086c2d_venv/lib/python3.12/site-packages/sqlalchemy/util/_concurrency_py3k.py", line 132, in await_only
    return current.parent.switch(awaitable)  # type: ignore[no-any-return,attr-defined] # noqa: E501
           ^^^^^^^^^^^^^^^^^^^^^^^^^^^^^^^^
  File "/www/wwwroot/cookbook-server/b8138d1504cef8184f7319b108086c2d_venv/lib/python3.12/site-packages/sqlalchemy/util/_concurrency_py3k.py", line 196, in greenlet_spawn
    value = await result
            ^^^^^^^^^^^^
  File "/www/wwwroot/cookbook-server/b8138d1504cef8184f7319b108086c2d_venv/lib/python3.12/site-packages/psycopg/cursor_async.py", line 117, in execute
    raise ex.with_traceback(None)
sqlalchemy.exc.ProgrammingError: (psycopg.errors.UndefinedTable) relation "dishes" does not exist
LINE 2: FROM dishes 
             ^
[SQL: SELECT count(dishes.id) AS count_1 
FROM dishes 
WHERE dishes.status = %(status_1)s::VARCHAR]
[parameters: {'status_1': 'published'}]
(Background on this error at: https://sqlalche.me/e/20/f405)
ERROR:    Unhandled GET /api/v1/recipes/ranked
Traceback (most recent call last):
  File "/www/wwwroot/cookbook-server/b8138d1504cef8184f7319b108086c2d_venv/lib/python3.12/site-packages/sqlalchemy/engine/base.py", line 1969, in _exec_single_context
    self.dialect.do_execute(
  File "/www/wwwroot/cookbook-server/b8138d1504cef8184f7319b108086c2d_venv/lib/python3.12/site-packages/sqlalchemy/engine/default.py", line 952, in do_execute
    cursor.execute(statement, parameters)
  File "/www/wwwroot/cookbook-server/b8138d1504cef8184f7319b108086c2d_venv/lib/python3.12/site-packages/sqlalchemy/dialects/postgresql/psycopg.py", line 642, in execute
    result = self.await_(self._cursor.execute(query, params, **kw))
             ^^^^^^^^^^^^^^^^^^^^^^^^^^^^^^^^^^^^^^^^^^^^^^^^^^^^^^
  File "/www/wwwroot/cookbook-server/b8138d1504cef8184f7319b108086c2d_venv/lib/python3.12/site-packages/sqlalchemy/util/_concurrency_py3k.py", line 132, in await_only
    return current.parent.switch(awaitable)  # type: ignore[no-any-return,attr-defined] # noqa: E501
           ^^^^^^^^^^^^^^^^^^^^^^^^^^^^^^^^
  File "/www/wwwroot/cookbook-server/b8138d1504cef8184f7319b108086c2d_venv/lib/python3.12/site-packages/sqlalchemy/util/_concurrency_py3k.py", line 196, in greenlet_spawn
    value = await result
            ^^^^^^^^^^^^
  File "/www/wwwroot/cookbook-server/b8138d1504cef8184f7319b108086c2d_venv/lib/python3.12/site-packages/psycopg/cursor_async.py", line 117, in execute
    raise ex.with_traceback(None)
psycopg.errors.UndefinedTable: relation "dishes" does not exist
LINE 2: FROM dishes 
             ^

The above exception was the direct cause of the following exception:

Traceback (most recent call last):
  File "/www/wwwroot/cookbook-server/b8138d1504cef8184f7319b108086c2d_venv/lib/python3.12/site-packages/starlette/middleware/errors.py", line 164, in __call__
    await self.app(scope, receive, _send)
  File "/www/wwwroot/cookbook-server/b8138d1504cef8184f7319b108086c2d_venv/lib/python3.12/site-packages/starlette/middleware/exceptions.py", line 63, in __call__
    await wrap_app_handling_exceptions(self.app, conn)(scope, receive, send)
  File "/www/wwwroot/cookbook-server/b8138d1504cef8184f7319b108086c2d_venv/lib/python3.12/site-packages/starlette/_exception_handler.py", line 53, in wrapped_app
    raise exc
  File "/www/wwwroot/cookbook-server/b8138d1504cef8184f7319b108086c2d_venv/lib/python3.12/site-packages/starlette/_exception_handler.py", line 42, in wrapped_app
    await app(scope, receive, sender)
  File "/www/wwwroot/cookbook-server/b8138d1504cef8184f7319b108086c2d_venv/lib/python3.12/site-packages/fastapi/middleware/asyncexitstack.py", line 18, in __call__
    await self.app(scope, receive, send)
  File "/www/wwwroot/cookbook-server/b8138d1504cef8184f7319b108086c2d_venv/lib/python3.12/site-packages/starlette/routing.py", line 660, in __call__
    await self.middleware_stack(scope, receive, send)
  File "/www/wwwroot/cookbook-server/b8138d1504cef8184f7319b108086c2d_venv/lib/python3.12/site-packages/starlette/routing.py", line 680, in app
    await route.handle(scope, receive, send)
  File "/www/wwwroot/cookbook-server/b8138d1504cef8184f7319b108086c2d_venv/lib/python3.12/site-packages/fastapi/routing.py", line 1574, in handle
    await self.original_router.handle(scope, receive, send)
  File "/www/wwwroot/cookbook-server/b8138d1504cef8184f7319b108086c2d_venv/lib/python3.12/site-packages/fastapi/routing.py", line 2012, in handle
    await included_router._handle_selected(scope, receive, send)
  File "/www/wwwroot/cookbook-server/b8138d1504cef8184f7319b108086c2d_venv/lib/python3.12/site-packages/fastapi/routing.py", line 1585, in _handle_selected
    await route.handle(scope, receive, send)
  File "/www/wwwroot/cookbook-server/b8138d1504cef8184f7319b108086c2d_venv/lib/python3.12/site-packages/fastapi/routing.py", line 1574, in handle
    await self.original_router.handle(scope, receive, send)
  File "/www/wwwroot/cookbook-server/b8138d1504cef8184f7319b108086c2d_venv/lib/python3.12/site-packages/fastapi/routing.py", line 2012, in handle
    await included_router._handle_selected(scope, receive, send)
  File "/www/wwwroot/cookbook-server/b8138d1504cef8184f7319b108086c2d_venv/lib/python3.12/site-packages/fastapi/routing.py", line 1594, in _handle_selected
    await original_route.handle(scope, receive, send)
  File "/www/wwwroot/cookbook-server/b8138d1504cef8184f7319b108086c2d_venv/lib/python3.12/site-packages/fastapi/routing.py", line 1183, in handle
    await app(scope, receive, send)
  File "/www/wwwroot/cookbook-server/b8138d1504cef8184f7319b108086c2d_venv/lib/python3.12/site-packages/fastapi/routing.py", line 143, in app
    await wrap_app_handling_exceptions(app, request)(scope, receive, send)
  File "/www/wwwroot/cookbook-server/b8138d1504cef8184f7319b108086c2d_venv/lib/python3.12/site-packages/starlette/_exception_handler.py", line 53, in wrapped_app
    raise exc
  File "/www/wwwroot/cookbook-server/b8138d1504cef8184f7319b108086c2d_venv/lib/python3.12/site-packages/starlette/_exception_handler.py", line 42, in wrapped_app
    await app(scope, receive, sender)
  File "/www/wwwroot/cookbook-server/b8138d1504cef8184f7319b108086c2d_venv/lib/python3.12/site-packages/fastapi/routing.py", line 129, in app
    response = await f(request)
               ^^^^^^^^^^^^^^^^
  File "/www/wwwroot/cookbook-server/b8138d1504cef8184f7319b108086c2d_venv/lib/python3.12/site-packages/fastapi/routing.py", line 683, in app
    raw_response = await run_endpoint_function(
                   ^^^^^^^^^^^^^^^^^^^^^^^^^^^^
  File "/www/wwwroot/cookbook-server/b8138d1504cef8184f7319b108086c2d_venv/lib/python3.12/site-packages/fastapi/routing.py", line 337, in run_endpoint_function
    return await dependant.call(**values)
           ^^^^^^^^^^^^^^^^^^^^^^^^^^^^^^
  File "/www/wwwroot/cookbook-server/app/api/v1/recipes.py", line 135, in ranked_recipes
    dishes = await get_ranked_dishes(db, limit=limit)
             ^^^^^^^^^^^^^^^^^^^^^^^^^^^^^^^^^^^^^^^^
  File "/www/wwwroot/cookbook-server/app/services/dish.py", line 81, in get_ranked_dishes
    result = await db.execute(
             ^^^^^^^^^^^^^^^^^
  File "/www/wwwroot/cookbook-server/b8138d1504cef8184f7319b108086c2d_venv/lib/python3.12/site-packages/sqlalchemy/ext/asyncio/session.py", line 448, in execute
    result = await greenlet_spawn(
             ^^^^^^^^^^^^^^^^^^^^^
  File "/www/wwwroot/cookbook-server/b8138d1504cef8184f7319b108086c2d_venv/lib/python3.12/site-packages/sqlalchemy/util/_concurrency_py3k.py", line 201, in greenlet_spawn
    result = context.throw(*sys.exc_info())
             ^^^^^^^^^^^^^^^^^^^^^^^^^^^^^^
  File "/www/wwwroot/cookbook-server/b8138d1504cef8184f7319b108086c2d_venv/lib/python3.12/site-packages/sqlalchemy/orm/session.py", line 2372, in execute
    return self._execute_internal(
           ^^^^^^^^^^^^^^^^^^^^^^^
  File "/www/wwwroot/cookbook-server/b8138d1504cef8184f7319b108086c2d_venv/lib/python3.12/site-packages/sqlalchemy/orm/session.py", line 2270, in _execute_internal
    result: Result[Any] = compile_state_cls.orm_execute_statement(
                          ^^^^^^^^^^^^^^^^^^^^^^^^^^^^^^^^^^^^^^^^
  File "/www/wwwroot/cookbook-server/b8138d1504cef8184f7319b108086c2d_venv/lib/python3.12/site-packages/sqlalchemy/orm/context.py", line 306, in orm_execute_statement
    result = conn.execute(
             ^^^^^^^^^^^^^
  File "/www/wwwroot/cookbook-server/b8138d1504cef8184f7319b108086c2d_venv/lib/python3.12/site-packages/sqlalchemy/engine/base.py", line 1421, in execute
    return meth(
           ^^^^^
  File "/www/wwwroot/cookbook-server/b8138d1504cef8184f7319b108086c2d_venv/lib/python3.12/site-packages/sqlalchemy/sql/elements.py", line 526, in _execute_on_connection
    return connection._execute_clauseelement(
           ^^^^^^^^^^^^^^^^^^^^^^^^^^^^^^^^^^
  File "/www/wwwroot/cookbook-server/b8138d1504cef8184f7319b108086c2d_venv/lib/python3.12/site-packages/sqlalchemy/engine/base.py", line 1643, in _execute_clauseelement
    ret = self._execute_context(
          ^^^^^^^^^^^^^^^^^^^^^^
  File "/www/wwwroot/cookbook-server/b8138d1504cef8184f7319b108086c2d_venv/lib/python3.12/site-packages/sqlalchemy/engine/base.py", line 1848, in _execute_context
    return self._exec_single_context(
           ^^^^^^^^^^^^^^^^^^^^^^^^^^
  File "/www/wwwroot/cookbook-server/b8138d1504cef8184f7319b108086c2d_venv/lib/python3.12/site-packages/sqlalchemy/engine/base.py", line 1988, in _exec_single_context
    self._handle_dbapi_exception(
  File "/www/wwwroot/cookbook-server/b8138d1504cef8184f7319b108086c2d_venv/lib/python3.12/site-packages/sqlalchemy/engine/base.py", line 2365, in _handle_dbapi_exception
    raise sqlalchemy_exception.with_traceback(exc_info[2]) from e
  File "/www/wwwroot/cookbook-server/b8138d1504cef8184f7319b108086c2d_venv/lib/python3.12/site-packages/sqlalchemy/engine/base.py", line 1969, in _exec_single_context
    self.dialect.do_execute(
  File "/www/wwwroot/cookbook-server/b8138d1504cef8184f7319b108086c2d_venv/lib/python3.12/site-packages/sqlalchemy/engine/default.py", line 952, in do_execute
    cursor.execute(statement, parameters)
  File "/www/wwwroot/cookbook-server/b8138d1504cef8184f7319b108086c2d_venv/lib/python3.12/site-packages/sqlalchemy/dialects/postgresql/psycopg.py", line 642, in execute
    result = self.await_(self._cursor.execute(query, params, **kw))
             ^^^^^^^^^^^^^^^^^^^^^^^^^^^^^^^^^^^^^^^^^^^^^^^^^^^^^^
  File "/www/wwwroot/cookbook-server/b8138d1504cef8184f7319b108086c2d_venv/lib/python3.12/site-packages/sqlalchemy/util/_concurrency_py3k.py", line 132, in await_only
    return current.parent.switch(awaitable)  # type: ignore[no-any-return,attr-defined] # noqa: E501
           ^^^^^^^^^^^^^^^^^^^^^^^^^^^^^^^^
  File "/www/wwwroot/cookbook-server/b8138d1504cef8184f7319b108086c2d_venv/lib/python3.12/site-packages/sqlalchemy/util/_concurrency_py3k.py", line 196, in greenlet_spawn
    value = await result
            ^^^^^^^^^^^^
  File "/www/wwwroot/cookbook-server/b8138d1504cef8184f7319b108086c2d_venv/lib/python3.12/site-packages/psycopg/cursor_async.py", line 117, in execute
    raise ex.with_traceback(None)
sqlalchemy.exc.ProgrammingError: (psycopg.errors.UndefinedTable) relation "dishes" does not exist
LINE 2: FROM dishes 
             ^
[SQL: SELECT dishes.name, dishes.cover, dishes.description, dishes.category_id, dishes.cuisine, dishes.tags, dishes.cooking_time, dishes.difficulty, dishes.servings, dishes.tips, dishes.nutrition, dishes.suitable_for, dishes.author_id, dishes.status, dishes.avg_rating, dishes.id, dishes.created_at, dishes.updated_at 
FROM dishes 
WHERE dishes.status = %(status_1)s::VARCHAR AND dishes.avg_rating > %(avg_rating_1)s::INTEGER ORDER BY dishes.avg_rating DESC 
 LIMIT %(param_1)s::INTEGER]
[parameters: {'status_1': 'published', 'avg_rating_1': 0, 'param_1': 10}]
(Background on this error at: https://sqlalche.me/e/20/f405)
INFO:     14.19.150.236:0 - "GET /api/v1/recipes/ranked?limit=10 HTTP/1.0" 500 Internal Server Error
ERROR:    Exception in ASGI application
Traceback (most recent call last):
  File "/www/wwwroot/cookbook-server/b8138d1504cef8184f7319b108086c2d_venv/lib/python3.12/site-packages/sqlalchemy/engine/base.py", line 1969, in _exec_single_context
    self.dialect.do_execute(
  File "/www/wwwroot/cookbook-server/b8138d1504cef8184f7319b108086c2d_venv/lib/python3.12/site-packages/sqlalchemy/engine/default.py", line 952, in do_execute
    cursor.execute(statement, parameters)
  File "/www/wwwroot/cookbook-server/b8138d1504cef8184f7319b108086c2d_venv/lib/python3.12/site-packages/sqlalchemy/dialects/postgresql/psycopg.py", line 642, in execute
    result = self.await_(self._cursor.execute(query, params, **kw))
             ^^^^^^^^^^^^^^^^^^^^^^^^^^^^^^^^^^^^^^^^^^^^^^^^^^^^^^
  File "/www/wwwroot/cookbook-server/b8138d1504cef8184f7319b108086c2d_venv/lib/python3.12/site-packages/sqlalchemy/util/_concurrency_py3k.py", line 132, in await_only
    return current.parent.switch(awaitable)  # type: ignore[no-any-return,attr-defined] # noqa: E501
           ^^^^^^^^^^^^^^^^^^^^^^^^^^^^^^^^
  File "/www/wwwroot/cookbook-server/b8138d1504cef8184f7319b108086c2d_venv/lib/python3.12/site-packages/sqlalchemy/util/_concurrency_py3k.py", line 196, in greenlet_spawn
    value = await result
            ^^^^^^^^^^^^
  File "/www/wwwroot/cookbook-server/b8138d1504cef8184f7319b108086c2d_venv/lib/python3.12/site-packages/psycopg/cursor_async.py", line 117, in execute
    raise ex.with_traceback(None)
psycopg.errors.UndefinedTable: relation "dishes" does not exist
LINE 2: FROM dishes 
             ^

The above exception was the direct cause of the following exception:

Traceback (most recent call last):
  File "/www/wwwroot/cookbook-server/b8138d1504cef8184f7319b108086c2d_venv/lib/python3.12/site-packages/uvicorn/protocols/http/httptools_impl.py", line 421, in run_asgi
    result = await app(  # type: ignore[func-returns-value]
             ^^^^^^^^^^^^^^^^^^^^^^^^^^^^^^^^^^^^^^^^^^^^^^
  File "/www/wwwroot/cookbook-server/b8138d1504cef8184f7319b108086c2d_venv/lib/python3.12/site-packages/uvicorn/middleware/proxy_headers.py", line 62, in __call__
    return await self.app(scope, receive, send)
           ^^^^^^^^^^^^^^^^^^^^^^^^^^^^^^^^^^^^
  File "/www/wwwroot/cookbook-server/b8138d1504cef8184f7319b108086c2d_venv/lib/python3.12/site-packages/fastapi/applications.py", line 1162, in __call__
    await super().__call__(scope, receive, send)
  File "/www/wwwroot/cookbook-server/b8138d1504cef8184f7319b108086c2d_venv/lib/python3.12/site-packages/starlette/applications.py", line 90, in __call__
    await self.middleware_stack(scope, receive, send)
  File "/www/wwwroot/cookbook-server/b8138d1504cef8184f7319b108086c2d_venv/lib/python3.12/site-packages/starlette/middleware/errors.py", line 186, in __call__
    raise exc
  File "/www/wwwroot/cookbook-server/b8138d1504cef8184f7319b108086c2d_venv/lib/python3.12/site-packages/starlette/middleware/errors.py", line 164, in __call__
    await self.app(scope, receive, _send)
  File "/www/wwwroot/cookbook-server/b8138d1504cef8184f7319b108086c2d_venv/lib/python3.12/site-packages/starlette/middleware/exceptions.py", line 63, in __call__
    await wrap_app_handling_exceptions(self.app, conn)(scope, receive, send)
  File "/www/wwwroot/cookbook-server/b8138d1504cef8184f7319b108086c2d_venv/lib/python3.12/site-packages/starlette/_exception_handler.py", line 53, in wrapped_app
    raise exc
  File "/www/wwwroot/cookbook-server/b8138d1504cef8184f7319b108086c2d_venv/lib/python3.12/site-packages/starlette/_exception_handler.py", line 42, in wrapped_app
    await app(scope, receive, sender)
  File "/www/wwwroot/cookbook-server/b8138d1504cef8184f7319b108086c2d_venv/lib/python3.12/site-packages/fastapi/middleware/asyncexitstack.py", line 18, in __call__
    await self.app(scope, receive, send)
  File "/www/wwwroot/cookbook-server/b8138d1504cef8184f7319b108086c2d_venv/lib/python3.12/site-packages/starlette/routing.py", line 660, in __call__
    await self.middleware_stack(scope, receive, send)
  File "/www/wwwroot/cookbook-server/b8138d1504cef8184f7319b108086c2d_venv/lib/python3.12/site-packages/starlette/routing.py", line 680, in app
    await route.handle(scope, receive, send)
  File "/www/wwwroot/cookbook-server/b8138d1504cef8184f7319b108086c2d_venv/lib/python3.12/site-packages/fastapi/routing.py", line 1574, in handle
    await self.original_router.handle(scope, receive, send)
  File "/www/wwwroot/cookbook-server/b8138d1504cef8184f7319b108086c2d_venv/lib/python3.12/site-packages/fastapi/routing.py", line 2012, in handle
    await included_router._handle_selected(scope, receive, send)
  File "/www/wwwroot/cookbook-server/b8138d1504cef8184f7319b108086c2d_venv/lib/python3.12/site-packages/fastapi/routing.py", line 1585, in _handle_selected
    await route.handle(scope, receive, send)
  File "/www/wwwroot/cookbook-server/b8138d1504cef8184f7319b108086c2d_venv/lib/python3.12/site-packages/fastapi/routing.py", line 1574, in handle
    await self.original_router.handle(scope, receive, send)
  File "/www/wwwroot/cookbook-server/b8138d1504cef8184f7319b108086c2d_venv/lib/python3.12/site-packages/fastapi/routing.py", line 2012, in handle
    await included_router._handle_selected(scope, receive, send)
  File "/www/wwwroot/cookbook-server/b8138d1504cef8184f7319b108086c2d_venv/lib/python3.12/site-packages/fastapi/routing.py", line 1594, in _handle_selected
    await original_route.handle(scope, receive, send)
  File "/www/wwwroot/cookbook-server/b8138d1504cef8184f7319b108086c2d_venv/lib/python3.12/site-packages/fastapi/routing.py", line 1183, in handle
    await app(scope, receive, send)
  File "/www/wwwroot/cookbook-server/b8138d1504cef8184f7319b108086c2d_venv/lib/python3.12/site-packages/fastapi/routing.py", line 143, in app
    await wrap_app_handling_exceptions(app, request)(scope, receive, send)
  File "/www/wwwroot/cookbook-server/b8138d1504cef8184f7319b108086c2d_venv/lib/python3.12/site-packages/starlette/_exception_handler.py", line 53, in wrapped_app
    raise exc
  File "/www/wwwroot/cookbook-server/b8138d1504cef8184f7319b108086c2d_venv/lib/python3.12/site-packages/starlette/_exception_handler.py", line 42, in wrapped_app
    await app(scope, receive, sender)
  File "/www/wwwroot/cookbook-server/b8138d1504cef8184f7319b108086c2d_venv/lib/python3.12/site-packages/fastapi/routing.py", line 129, in app
    response = await f(request)
               ^^^^^^^^^^^^^^^^
  File "/www/wwwroot/cookbook-server/b8138d1504cef8184f7319b108086c2d_venv/lib/python3.12/site-packages/fastapi/routing.py", line 683, in app
    raw_response = await run_endpoint_function(
                   ^^^^^^^^^^^^^^^^^^^^^^^^^^^^
  File "/www/wwwroot/cookbook-server/b8138d1504cef8184f7319b108086c2d_venv/lib/python3.12/site-packages/fastapi/routing.py", line 337, in run_endpoint_function
    return await dependant.call(**values)
           ^^^^^^^^^^^^^^^^^^^^^^^^^^^^^^
  File "/www/wwwroot/cookbook-server/app/api/v1/recipes.py", line 135, in ranked_recipes
    dishes = await get_ranked_dishes(db, limit=limit)
             ^^^^^^^^^^^^^^^^^^^^^^^^^^^^^^^^^^^^^^^^
  File "/www/wwwroot/cookbook-server/app/services/dish.py", line 81, in get_ranked_dishes
    result = await db.execute(
             ^^^^^^^^^^^^^^^^^
  File "/www/wwwroot/cookbook-server/b8138d1504cef8184f7319b108086c2d_venv/lib/python3.12/site-packages/sqlalchemy/ext/asyncio/session.py", line 448, in execute
    result = await greenlet_spawn(
             ^^^^^^^^^^^^^^^^^^^^^
  File "/www/wwwroot/cookbook-server/b8138d1504cef8184f7319b108086c2d_venv/lib/python3.12/site-packages/sqlalchemy/util/_concurrency_py3k.py", line 201, in greenlet_spawn
    result = context.throw(*sys.exc_info())
             ^^^^^^^^^^^^^^^^^^^^^^^^^^^^^^
  File "/www/wwwroot/cookbook-server/b8138d1504cef8184f7319b108086c2d_venv/lib/python3.12/site-packages/sqlalchemy/orm/session.py", line 2372, in execute
    return self._execute_internal(
           ^^^^^^^^^^^^^^^^^^^^^^^
  File "/www/wwwroot/cookbook-server/b8138d1504cef8184f7319b108086c2d_venv/lib/python3.12/site-packages/sqlalchemy/orm/session.py", line 2270, in _execute_internal
    result: Result[Any] = compile_state_cls.orm_execute_statement(
                          ^^^^^^^^^^^^^^^^^^^^^^^^^^^^^^^^^^^^^^^^
  File "/www/wwwroot/cookbook-server/b8138d1504cef8184f7319b108086c2d_venv/lib/python3.12/site-packages/sqlalchemy/orm/context.py", line 306, in orm_execute_statement
    result = conn.execute(
             ^^^^^^^^^^^^^
  File "/www/wwwroot/cookbook-server/b8138d1504cef8184f7319b108086c2d_venv/lib/python3.12/site-packages/sqlalchemy/engine/base.py", line 1421, in execute
    return meth(
           ^^^^^
  File "/www/wwwroot/cookbook-server/b8138d1504cef8184f7319b108086c2d_venv/lib/python3.12/site-packages/sqlalchemy/sql/elements.py", line 526, in _execute_on_connection
    return connection._execute_clauseelement(
           ^^^^^^^^^^^^^^^^^^^^^^^^^^^^^^^^^^
  File "/www/wwwroot/cookbook-server/b8138d1504cef8184f7319b108086c2d_venv/lib/python3.12/site-packages/sqlalchemy/engine/base.py", line 1643, in _execute_clauseelement
    ret = self._execute_context(
          ^^^^^^^^^^^^^^^^^^^^^^
  File "/www/wwwroot/cookbook-server/b8138d1504cef8184f7319b108086c2d_venv/lib/python3.12/site-packages/sqlalchemy/engine/base.py", line 1848, in _execute_context
    return self._exec_single_context(
           ^^^^^^^^^^^^^^^^^^^^^^^^^^
  File "/www/wwwroot/cookbook-server/b8138d1504cef8184f7319b108086c2d_venv/lib/python3.12/site-packages/sqlalchemy/engine/base.py", line 1988, in _exec_single_context
    self._handle_dbapi_exception(
  File "/www/wwwroot/cookbook-server/b8138d1504cef8184f7319b108086c2d_venv/lib/python3.12/site-packages/sqlalchemy/engine/base.py", line 2365, in _handle_dbapi_exception
    raise sqlalchemy_exception.with_traceback(exc_info[2]) from e
  File "/www/wwwroot/cookbook-server/b8138d1504cef8184f7319b108086c2d_venv/lib/python3.12/site-packages/sqlalchemy/engine/base.py", line 1969, in _exec_single_context
    self.dialect.do_execute(
  File "/www/wwwroot/cookbook-server/b8138d1504cef8184f7319b108086c2d_venv/lib/python3.12/site-packages/sqlalchemy/engine/default.py", line 952, in do_execute
    cursor.execute(statement, parameters)
  File "/www/wwwroot/cookbook-server/b8138d1504cef8184f7319b108086c2d_venv/lib/python3.12/site-packages/sqlalchemy/dialects/postgresql/psycopg.py", line 642, in execute
    result = self.await_(self._cursor.execute(query, params, **kw))
             ^^^^^^^^^^^^^^^^^^^^^^^^^^^^^^^^^^^^^^^^^^^^^^^^^^^^^^
  File "/www/wwwroot/cookbook-server/b8138d1504cef8184f7319b108086c2d_venv/lib/python3.12/site-packages/sqlalchemy/util/_concurrency_py3k.py", line 132, in await_only
    return current.parent.switch(awaitable)  # type: ignore[no-any-return,attr-defined] # noqa: E501
           ^^^^^^^^^^^^^^^^^^^^^^^^^^^^^^^^
  File "/www/wwwroot/cookbook-server/b8138d1504cef8184f7319b108086c2d_venv/lib/python3.12/site-packages/sqlalchemy/util/_concurrency_py3k.py", line 196, in greenlet_spawn
    value = await result
            ^^^^^^^^^^^^
  File "/www/wwwroot/cookbook-server/b8138d1504cef8184f7319b108086c2d_venv/lib/python3.12/site-packages/psycopg/cursor_async.py", line 117, in execute
    raise ex.with_traceback(None)
sqlalchemy.exc.ProgrammingError: (psycopg.errors.UndefinedTable) relation "dishes" does not exist
LINE 2: FROM dishes 
             ^
[SQL: SELECT dishes.name, dishes.cover, dishes.description, dishes.category_id, dishes.cuisine, dishes.tags, dishes.cooking_time, dishes.difficulty, dishes.servings, dishes.tips, dishes.nutrition, dishes.suitable_for, dishes.author_id, dishes.status, dishes.avg_rating, dishes.id, dishes.created_at, dishes.updated_at 
FROM dishes 
WHERE dishes.status = %(status_1)s::VARCHAR AND dishes.avg_rating > %(avg_rating_1)s::INTEGER ORDER BY dishes.avg_rating DESC 
 LIMIT %(param_1)s::INTEGER]
[parameters: {'status_1': 'published', 'avg_rating_1': 0, 'param_1': 10}]
(Background on this error at: https://sqlalche.me/e/20/f405)
ERROR:    Unhandled GET /api/v1/recipes
Traceback (most recent call last):
  File "/www/wwwroot/cookbook-server/b8138d1504cef8184f7319b108086c2d_venv/lib/python3.12/site-packages/sqlalchemy/engine/base.py", line 1969, in _exec_single_context
    self.dialect.do_execute(
  File "/www/wwwroot/cookbook-server/b8138d1504cef8184f7319b108086c2d_venv/lib/python3.12/site-packages/sqlalchemy/engine/default.py", line 952, in do_execute
    cursor.execute(statement, parameters)
  File "/www/wwwroot/cookbook-server/b8138d1504cef8184f7319b108086c2d_venv/lib/python3.12/site-packages/sqlalchemy/dialects/postgresql/psycopg.py", line 642, in execute
    result = self.await_(self._cursor.execute(query, params, **kw))
             ^^^^^^^^^^^^^^^^^^^^^^^^^^^^^^^^^^^^^^^^^^^^^^^^^^^^^^
  File "/www/wwwroot/cookbook-server/b8138d1504cef8184f7319b108086c2d_venv/lib/python3.12/site-packages/sqlalchemy/util/_concurrency_py3k.py", line 132, in await_only
    return current.parent.switch(awaitable)  # type: ignore[no-any-return,attr-defined] # noqa: E501
           ^^^^^^^^^^^^^^^^^^^^^^^^^^^^^^^^
  File "/www/wwwroot/cookbook-server/b8138d1504cef8184f7319b108086c2d_venv/lib/python3.12/site-packages/sqlalchemy/util/_concurrency_py3k.py", line 196, in greenlet_spawn
    value = await result
            ^^^^^^^^^^^^
  File "/www/wwwroot/cookbook-server/b8138d1504cef8184f7319b108086c2d_venv/lib/python3.12/site-packages/psycopg/cursor_async.py", line 117, in execute
    raise ex.with_traceback(None)
psycopg.errors.UndefinedTable: relation "dishes" does not exist
LINE 2: FROM dishes 
             ^

The above exception was the direct cause of the following exception:

Traceback (most recent call last):
  File "/www/wwwroot/cookbook-server/b8138d1504cef8184f7319b108086c2d_venv/lib/python3.12/site-packages/starlette/middleware/errors.py", line 164, in __call__
    await self.app(scope, receive, _send)
  File "/www/wwwroot/cookbook-server/b8138d1504cef8184f7319b108086c2d_venv/lib/python3.12/site-packages/starlette/middleware/exceptions.py", line 63, in __call__
    await wrap_app_handling_exceptions(self.app, conn)(scope, receive, send)
  File "/www/wwwroot/cookbook-server/b8138d1504cef8184f7319b108086c2d_venv/lib/python3.12/site-packages/starlette/_exception_handler.py", line 53, in wrapped_app
    raise exc
  File "/www/wwwroot/cookbook-server/b8138d1504cef8184f7319b108086c2d_venv/lib/python3.12/site-packages/starlette/_exception_handler.py", line 42, in wrapped_app
    await app(scope, receive, sender)
  File "/www/wwwroot/cookbook-server/b8138d1504cef8184f7319b108086c2d_venv/lib/python3.12/site-packages/fastapi/middleware/asyncexitstack.py", line 18, in __call__
    await self.app(scope, receive, send)
  File "/www/wwwroot/cookbook-server/b8138d1504cef8184f7319b108086c2d_venv/lib/python3.12/site-packages/starlette/routing.py", line 660, in __call__
    await self.middleware_stack(scope, receive, send)
  File "/www/wwwroot/cookbook-server/b8138d1504cef8184f7319b108086c2d_venv/lib/python3.12/site-packages/starlette/routing.py", line 680, in app
    await route.handle(scope, receive, send)
  File "/www/wwwroot/cookbook-server/b8138d1504cef8184f7319b108086c2d_venv/lib/python3.12/site-packages/fastapi/routing.py", line 1574, in handle
    await self.original_router.handle(scope, receive, send)
  File "/www/wwwroot/cookbook-server/b8138d1504cef8184f7319b108086c2d_venv/lib/python3.12/site-packages/fastapi/routing.py", line 2012, in handle
    await included_router._handle_selected(scope, receive, send)
  File "/www/wwwroot/cookbook-server/b8138d1504cef8184f7319b108086c2d_venv/lib/python3.12/site-packages/fastapi/routing.py", line 1585, in _handle_selected
    await route.handle(scope, receive, send)
  File "/www/wwwroot/cookbook-server/b8138d1504cef8184f7319b108086c2d_venv/lib/python3.12/site-packages/fastapi/routing.py", line 1574, in handle
    await self.original_router.handle(scope, receive, send)
  File "/www/wwwroot/cookbook-server/b8138d1504cef8184f7319b108086c2d_venv/lib/python3.12/site-packages/fastapi/routing.py", line 2012, in handle
    await included_router._handle_selected(scope, receive, send)
  File "/www/wwwroot/cookbook-server/b8138d1504cef8184f7319b108086c2d_venv/lib/python3.12/site-packages/fastapi/routing.py", line 1594, in _handle_selected
    await original_route.handle(scope, receive, send)
  File "/www/wwwroot/cookbook-server/b8138d1504cef8184f7319b108086c2d_venv/lib/python3.12/site-packages/fastapi/routing.py", line 1183, in handle
    await app(scope, receive, send)
  File "/www/wwwroot/cookbook-server/b8138d1504cef8184f7319b108086c2d_venv/lib/python3.12/site-packages/fastapi/routing.py", line 143, in app
    await wrap_app_handling_exceptions(app, request)(scope, receive, send)
  File "/www/wwwroot/cookbook-server/b8138d1504cef8184f7319b108086c2d_venv/lib/python3.12/site-packages/starlette/_exception_handler.py", line 53, in wrapped_app
    raise exc
  File "/www/wwwroot/cookbook-server/b8138d1504cef8184f7319b108086c2d_venv/lib/python3.12/site-packages/starlette/_exception_handler.py", line 42, in wrapped_app
    await app(scope, receive, sender)
  File "/www/wwwroot/cookbook-server/b8138d1504cef8184f7319b108086c2d_venv/lib/python3.12/site-packages/fastapi/routing.py", line 129, in app
    response = await f(request)
               ^^^^^^^^^^^^^^^^
  File "/www/wwwroot/cookbook-server/b8138d1504cef8184f7319b108086c2d_venv/lib/python3.12/site-packages/fastapi/routing.py", line 683, in app
    raw_response = await run_endpoint_function(
                   ^^^^^^^^^^^^^^^^^^^^^^^^^^^^
  File "/www/wwwroot/cookbook-server/b8138d1504cef8184f7319b108086c2d_venv/lib/python3.12/site-packages/fastapi/routing.py", line 337, in run_endpoint_function
    return await dependant.call(**values)
           ^^^^^^^^^^^^^^^^^^^^^^^^^^^^^^
  File "/www/wwwroot/cookbook-server/app/api/v1/recipes.py", line 112, in list_recipes
    dishes, total = await get_dishes(
                    ^^^^^^^^^^^^^^^^^
  File "/www/wwwroot/cookbook-server/app/services/dish.py", line 59, in get_dishes
    total_result = await db.execute(count_base)
                   ^^^^^^^^^^^^^^^^^^^^^^^^^^^^
  File "/www/wwwroot/cookbook-server/b8138d1504cef8184f7319b108086c2d_venv/lib/python3.12/site-packages/sqlalchemy/ext/asyncio/session.py", line 448, in execute
    result = await greenlet_spawn(
             ^^^^^^^^^^^^^^^^^^^^^
  File "/www/wwwroot/cookbook-server/b8138d1504cef8184f7319b108086c2d_venv/lib/python3.12/site-packages/sqlalchemy/util/_concurrency_py3k.py", line 201, in greenlet_spawn
    result = context.throw(*sys.exc_info())
             ^^^^^^^^^^^^^^^^^^^^^^^^^^^^^^
  File "/www/wwwroot/cookbook-server/b8138d1504cef8184f7319b108086c2d_venv/lib/python3.12/site-packages/sqlalchemy/orm/session.py", line 2372, in execute
    return self._execute_internal(
           ^^^^^^^^^^^^^^^^^^^^^^^
  File "/www/wwwroot/cookbook-server/b8138d1504cef8184f7319b108086c2d_venv/lib/python3.12/site-packages/sqlalchemy/orm/session.py", line 2270, in _execute_internal
    result: Result[Any] = compile_state_cls.orm_execute_statement(
                          ^^^^^^^^^^^^^^^^^^^^^^^^^^^^^^^^^^^^^^^^
  File "/www/wwwroot/cookbook-server/b8138d1504cef8184f7319b108086c2d_venv/lib/python3.12/site-packages/sqlalchemy/orm/context.py", line 306, in orm_execute_statement
    result = conn.execute(
             ^^^^^^^^^^^^^
  File "/www/wwwroot/cookbook-server/b8138d1504cef8184f7319b108086c2d_venv/lib/python3.12/site-packages/sqlalchemy/engine/base.py", line 1421, in execute
    return meth(
           ^^^^^
  File "/www/wwwroot/cookbook-server/b8138d1504cef8184f7319b108086c2d_venv/lib/python3.12/site-packages/sqlalchemy/sql/elements.py", line 526, in _execute_on_connection
    return connection._execute_clauseelement(
           ^^^^^^^^^^^^^^^^^^^^^^^^^^^^^^^^^^
  File "/www/wwwroot/cookbook-server/b8138d1504cef8184f7319b108086c2d_venv/lib/python3.12/site-packages/sqlalchemy/engine/base.py", line 1643, in _execute_clauseelement
    ret = self._execute_context(
          ^^^^^^^^^^^^^^^^^^^^^^
  File "/www/wwwroot/cookbook-server/b8138d1504cef8184f7319b108086c2d_venv/lib/python3.12/site-packages/sqlalchemy/engine/base.py", line 1848, in _execute_context
    return self._exec_single_context(
           ^^^^^^^^^^^^^^^^^^^^^^^^^^
  File "/www/wwwroot/cookbook-server/b8138d1504cef8184f7319b108086c2d_venv/lib/python3.12/site-packages/sqlalchemy/engine/base.py", line 1988, in _exec_single_context
    self._handle_dbapi_exception(
  File "/www/wwwroot/cookbook-server/b8138d1504cef8184f7319b108086c2d_venv/lib/python3.12/site-packages/sqlalchemy/engine/base.py", line 2365, in _handle_dbapi_exception
    raise sqlalchemy_exception.with_traceback(exc_info[2]) from e
  File "/www/wwwroot/cookbook-server/b8138d1504cef8184f7319b108086c2d_venv/lib/python3.12/site-packages/sqlalchemy/engine/base.py", line 1969, in _exec_single_context
    self.dialect.do_execute(
  File "/www/wwwroot/cookbook-server/b8138d1504cef8184f7319b108086c2d_venv/lib/python3.12/site-packages/sqlalchemy/engine/default.py", line 952, in do_execute
    cursor.execute(statement, parameters)
  File "/www/wwwroot/cookbook-server/b8138d1504cef8184f7319b108086c2d_venv/lib/python3.12/site-packages/sqlalchemy/dialects/postgresql/psycopg.py", line 642, in execute
    result = self.await_(self._cursor.execute(query, params, **kw))
             ^^^^^^^^^^^^^^^^^^^^^^^^^^^^^^^^^^^^^^^^^^^^^^^^^^^^^^
  File "/www/wwwroot/cookbook-server/b8138d1504cef8184f7319b108086c2d_venv/lib/python3.12/site-packages/sqlalchemy/util/_concurrency_py3k.py", line 132, in await_only
    return current.parent.switch(awaitable)  # type: ignore[no-any-return,attr-defined] # noqa: E501
           ^^^^^^^^^^^^^^^^^^^^^^^^^^^^^^^^
  File "/www/wwwroot/cookbook-server/b8138d1504cef8184f7319b108086c2d_venv/lib/python3.12/site-packages/sqlalchemy/util/_concurrency_py3k.py", line 196, in greenlet_spawn
    value = await result
            ^^^^^^^^^^^^
  File "/www/wwwroot/cookbook-server/b8138d1504cef8184f7319b108086c2d_venv/lib/python3.12/site-packages/psycopg/cursor_async.py", line 117, in execute
    raise ex.with_traceback(None)
sqlalchemy.exc.ProgrammingError: (psycopg.errors.UndefinedTable) relation "dishes" does not exist
LINE 2: FROM dishes 
             ^
[SQL: SELECT count(dishes.id) AS count_1 
FROM dishes 
WHERE dishes.status = %(status_1)s::VARCHAR]
[parameters: {'status_1': 'published'}]
(Background on this error at: https://sqlalche.me/e/20/f405)
INFO:     14.19.150.236:0 - "GET /api/v1/recipes?page=1&pageSize=10&sort=rating HTTP/1.0" 500 Internal Server Error
ERROR:    Exception in ASGI application
Traceback (most recent call last):
  File "/www/wwwroot/cookbook-server/b8138d1504cef8184f7319b108086c2d_venv/lib/python3.12/site-packages/sqlalchemy/engine/base.py", line 1969, in _exec_single_context
    self.dialect.do_execute(
  File "/www/wwwroot/cookbook-server/b8138d1504cef8184f7319b108086c2d_venv/lib/python3.12/site-packages/sqlalchemy/engine/default.py", line 952, in do_execute
    cursor.execute(statement, parameters)
  File "/www/wwwroot/cookbook-server/b8138d1504cef8184f7319b108086c2d_venv/lib/python3.12/site-packages/sqlalchemy/dialects/postgresql/psycopg.py", line 642, in execute
    result = self.await_(self._cursor.execute(query, params, **kw))
             ^^^^^^^^^^^^^^^^^^^^^^^^^^^^^^^^^^^^^^^^^^^^^^^^^^^^^^
  File "/www/wwwroot/cookbook-server/b8138d1504cef8184f7319b108086c2d_venv/lib/python3.12/site-packages/sqlalchemy/util/_concurrency_py3k.py", line 132, in await_only
    return current.parent.switch(awaitable)  # type: ignore[no-any-return,attr-defined] # noqa: E501
           ^^^^^^^^^^^^^^^^^^^^^^^^^^^^^^^^
  File "/www/wwwroot/cookbook-server/b8138d1504cef8184f7319b108086c2d_venv/lib/python3.12/site-packages/sqlalchemy/util/_concurrency_py3k.py", line 196, in greenlet_spawn
    value = await result
            ^^^^^^^^^^^^
  File "/www/wwwroot/cookbook-server/b8138d1504cef8184f7319b108086c2d_venv/lib/python3.12/site-packages/psycopg/cursor_async.py", line 117, in execute
    raise ex.with_traceback(None)
psycopg.errors.UndefinedTable: relation "dishes" does not exist
LINE 2: FROM dishes 
             ^

The above exception was the direct cause of the following exception:

Traceback (most recent call last):
  File "/www/wwwroot/cookbook-server/b8138d1504cef8184f7319b108086c2d_venv/lib/python3.12/site-packages/uvicorn/protocols/http/httptools_impl.py", line 421, in run_asgi
    result = await app(  # type: ignore[func-returns-value]
             ^^^^^^^^^^^^^^^^^^^^^^^^^^^^^^^^^^^^^^^^^^^^^^
  File "/www/wwwroot/cookbook-server/b8138d1504cef8184f7319b108086c2d_venv/lib/python3.12/site-packages/uvicorn/middleware/proxy_headers.py", line 62, in __call__
    return await self.app(scope, receive, send)
           ^^^^^^^^^^^^^^^^^^^^^^^^^^^^^^^^^^^^
  File "/www/wwwroot/cookbook-server/b8138d1504cef8184f7319b108086c2d_venv/lib/python3.12/site-packages/fastapi/applications.py", line 1162, in __call__
    await super().__call__(scope, receive, send)
  File "/www/wwwroot/cookbook-server/b8138d1504cef8184f7319b108086c2d_venv/lib/python3.12/site-packages/starlette/applications.py", line 90, in __call__
    await self.middleware_stack(scope, receive, send)
  File "/www/wwwroot/cookbook-server/b8138d1504cef8184f7319b108086c2d_venv/lib/python3.12/site-packages/starlette/middleware/errors.py", line 186, in __call__
    raise exc
  File "/www/wwwroot/cookbook-server/b8138d1504cef8184f7319b108086c2d_venv/lib/python3.12/site-packages/starlette/middleware/errors.py", line 164, in __call__
    await self.app(scope, receive, _send)
  File "/www/wwwroot/cookbook-server/b8138d1504cef8184f7319b108086c2d_venv/lib/python3.12/site-packages/starlette/middleware/exceptions.py", line 63, in __call__
    await wrap_app_handling_exceptions(self.app, conn)(scope, receive, send)
  File "/www/wwwroot/cookbook-server/b8138d1504cef8184f7319b108086c2d_venv/lib/python3.12/site-packages/starlette/_exception_handler.py", line 53, in wrapped_app
    raise exc
  File "/www/wwwroot/cookbook-server/b8138d1504cef8184f7319b108086c2d_venv/lib/python3.12/site-packages/starlette/_exception_handler.py", line 42, in wrapped_app
    await app(scope, receive, sender)
  File "/www/wwwroot/cookbook-server/b8138d1504cef8184f7319b108086c2d_venv/lib/python3.12/site-packages/fastapi/middleware/asyncexitstack.py", line 18, in __call__
    await self.app(scope, receive, send)
  File "/www/wwwroot/cookbook-server/b8138d1504cef8184f7319b108086c2d_venv/lib/python3.12/site-packages/starlette/routing.py", line 660, in __call__
    await self.middleware_stack(scope, receive, send)
  File "/www/wwwroot/cookbook-server/b8138d1504cef8184f7319b108086c2d_venv/lib/python3.12/site-packages/starlette/routing.py", line 680, in app
    await route.handle(scope, receive, send)
  File "/www/wwwroot/cookbook-server/b8138d1504cef8184f7319b108086c2d_venv/lib/python3.12/site-packages/fastapi/routing.py", line 1574, in handle
    await self.original_router.handle(scope, receive, send)
  File "/www/wwwroot/cookbook-server/b8138d1504cef8184f7319b108086c2d_venv/lib/python3.12/site-packages/fastapi/routing.py", line 2012, in handle
    await included_router._handle_selected(scope, receive, send)
  File "/www/wwwroot/cookbook-server/b8138d1504cef8184f7319b108086c2d_venv/lib/python3.12/site-packages/fastapi/routing.py", line 1585, in _handle_selected
    await route.handle(scope, receive, send)
  File "/www/wwwroot/cookbook-server/b8138d1504cef8184f7319b108086c2d_venv/lib/python3.12/site-packages/fastapi/routing.py", line 1574, in handle
    await self.original_router.handle(scope, receive, send)
  File "/www/wwwroot/cookbook-server/b8138d1504cef8184f7319b108086c2d_venv/lib/python3.12/site-packages/fastapi/routing.py", line 2012, in handle
    await included_router._handle_selected(scope, receive, send)
  File "/www/wwwroot/cookbook-server/b8138d1504cef8184f7319b108086c2d_venv/lib/python3.12/site-packages/fastapi/routing.py", line 1594, in _handle_selected
    await original_route.handle(scope, receive, send)
  File "/www/wwwroot/cookbook-server/b8138d1504cef8184f7319b108086c2d_venv/lib/python3.12/site-packages/fastapi/routing.py", line 1183, in handle
    await app(scope, receive, send)
  File "/www/wwwroot/cookbook-server/b8138d1504cef8184f7319b108086c2d_venv/lib/python3.12/site-packages/fastapi/routing.py", line 143, in app
    await wrap_app_handling_exceptions(app, request)(scope, receive, send)
  File "/www/wwwroot/cookbook-server/b8138d1504cef8184f7319b108086c2d_venv/lib/python3.12/site-packages/starlette/_exception_handler.py", line 53, in wrapped_app
    raise exc
  File "/www/wwwroot/cookbook-server/b8138d1504cef8184f7319b108086c2d_venv/lib/python3.12/site-packages/starlette/_exception_handler.py", line 42, in wrapped_app
    await app(scope, receive, sender)
  File "/www/wwwroot/cookbook-server/b8138d1504cef8184f7319b108086c2d_venv/lib/python3.12/site-packages/fastapi/routing.py", line 129, in app
    response = await f(request)
               ^^^^^^^^^^^^^^^^
  File "/www/wwwroot/cookbook-server/b8138d1504cef8184f7319b108086c2d_venv/lib/python3.12/site-packages/fastapi/routing.py", line 683, in app
    raw_response = await run_endpoint_function(
                   ^^^^^^^^^^^^^^^^^^^^^^^^^^^^
  File "/www/wwwroot/cookbook-server/b8138d1504cef8184f7319b108086c2d_venv/lib/python3.12/site-packages/fastapi/routing.py", line 337, in run_endpoint_function
    return await dependant.call(**values)
           ^^^^^^^^^^^^^^^^^^^^^^^^^^^^^^
  File "/www/wwwroot/cookbook-server/app/api/v1/recipes.py", line 112, in list_recipes
    dishes, total = await get_dishes(
                    ^^^^^^^^^^^^^^^^^
  File "/www/wwwroot/cookbook-server/app/services/dish.py", line 59, in get_dishes
    total_result = await db.execute(count_base)
                   ^^^^^^^^^^^^^^^^^^^^^^^^^^^^
  File "/www/wwwroot/cookbook-server/b8138d1504cef8184f7319b108086c2d_venv/lib/python3.12/site-packages/sqlalchemy/ext/asyncio/session.py", line 448, in execute
    result = await greenlet_spawn(
             ^^^^^^^^^^^^^^^^^^^^^
  File "/www/wwwroot/cookbook-server/b8138d1504cef8184f7319b108086c2d_venv/lib/python3.12/site-packages/sqlalchemy/util/_concurrency_py3k.py", line 201, in greenlet_spawn
    result = context.throw(*sys.exc_info())
             ^^^^^^^^^^^^^^^^^^^^^^^^^^^^^^
  File "/www/wwwroot/cookbook-server/b8138d1504cef8184f7319b108086c2d_venv/lib/python3.12/site-packages/sqlalchemy/orm/session.py", line 2372, in execute
    return self._execute_internal(
           ^^^^^^^^^^^^^^^^^^^^^^^
  File "/www/wwwroot/cookbook-server/b8138d1504cef8184f7319b108086c2d_venv/lib/python3.12/site-packages/sqlalchemy/orm/session.py", line 2270, in _execute_internal
    result: Result[Any] = compile_state_cls.orm_execute_statement(
                          ^^^^^^^^^^^^^^^^^^^^^^^^^^^^^^^^^^^^^^^^
  File "/www/wwwroot/cookbook-server/b8138d1504cef8184f7319b108086c2d_venv/lib/python3.12/site-packages/sqlalchemy/orm/context.py", line 306, in orm_execute_statement
    result = conn.execute(
             ^^^^^^^^^^^^^
  File "/www/wwwroot/cookbook-server/b8138d1504cef8184f7319b108086c2d_venv/lib/python3.12/site-packages/sqlalchemy/engine/base.py", line 1421, in execute
    return meth(
           ^^^^^
  File "/www/wwwroot/cookbook-server/b8138d1504cef8184f7319b108086c2d_venv/lib/python3.12/site-packages/sqlalchemy/sql/elements.py", line 526, in _execute_on_connection
    return connection._execute_clauseelement(
           ^^^^^^^^^^^^^^^^^^^^^^^^^^^^^^^^^^
  File "/www/wwwroot/cookbook-server/b8138d1504cef8184f7319b108086c2d_venv/lib/python3.12/site-packages/sqlalchemy/engine/base.py", line 1643, in _execute_clauseelement
    ret = self._execute_context(
          ^^^^^^^^^^^^^^^^^^^^^^
  File "/www/wwwroot/cookbook-server/b8138d1504cef8184f7319b108086c2d_venv/lib/python3.12/site-packages/sqlalchemy/engine/base.py", line 1848, in _execute_context
    return self._exec_single_context(
           ^^^^^^^^^^^^^^^^^^^^^^^^^^
  File "/www/wwwroot/cookbook-server/b8138d1504cef8184f7319b108086c2d_venv/lib/python3.12/site-packages/sqlalchemy/engine/base.py", line 1988, in _exec_single_context
    self._handle_dbapi_exception(
  File "/www/wwwroot/cookbook-server/b8138d1504cef8184f7319b108086c2d_venv/lib/python3.12/site-packages/sqlalchemy/engine/base.py", line 2365, in _handle_dbapi_exception
    raise sqlalchemy_exception.with_traceback(exc_info[2]) from e
  File "/www/wwwroot/cookbook-server/b8138d1504cef8184f7319b108086c2d_venv/lib/python3.12/site-packages/sqlalchemy/engine/base.py", line 1969, in _exec_single_context
    self.dialect.do_execute(
  File "/www/wwwroot/cookbook-server/b8138d1504cef8184f7319b108086c2d_venv/lib/python3.12/site-packages/sqlalchemy/engine/default.py", line 952, in do_execute
    cursor.execute(statement, parameters)
  File "/www/wwwroot/cookbook-server/b8138d1504cef8184f7319b108086c2d_venv/lib/python3.12/site-packages/sqlalchemy/dialects/postgresql/psycopg.py", line 642, in execute
    result = self.await_(self._cursor.execute(query, params, **kw))
             ^^^^^^^^^^^^^^^^^^^^^^^^^^^^^^^^^^^^^^^^^^^^^^^^^^^^^^
  File "/www/wwwroot/cookbook-server/b8138d1504cef8184f7319b108086c2d_venv/lib/python3.12/site-packages/sqlalchemy/util/_concurrency_py3k.py", line 132, in await_only
    return current.parent.switch(awaitable)  # type: ignore[no-any-return,attr-defined] # noqa: E501
           ^^^^^^^^^^^^^^^^^^^^^^^^^^^^^^^^
  File "/www/wwwroot/cookbook-server/b8138d1504cef8184f7319b108086c2d_venv/lib/python3.12/site-packages/sqlalchemy/util/_concurrency_py3k.py", line 196, in greenlet_spawn
    value = await result
            ^^^^^^^^^^^^
  File "/www/wwwroot/cookbook-server/b8138d1504cef8184f7319b108086c2d_venv/lib/python3.12/site-packages/psycopg/cursor_async.py", line 117, in execute
    raise ex.with_traceback(None)
sqlalchemy.exc.ProgrammingError: (psycopg.errors.UndefinedTable) relation "dishes" does not exist
LINE 2: FROM dishes 
             ^
[SQL: SELECT count(dishes.id) AS count_1 
FROM dishes 
WHERE dishes.status = %(status_1)s::VARCHAR]
[parameters: {'status_1': 'published'}]
(Background on this error at: https://sqlalche.me/e/20/f405)
ERROR:    Unhandled GET /api/v1/recipes
Traceback (most recent call last):
  File "/www/wwwroot/cookbook-server/b8138d1504cef8184f7319b108086c2d_venv/lib/python3.12/site-packages/sqlalchemy/engine/base.py", line 1969, in _exec_single_context
    self.dialect.do_execute(
  File "/www/wwwroot/cookbook-server/b8138d1504cef8184f7319b108086c2d_venv/lib/python3.12/site-packages/sqlalchemy/engine/default.py", line 952, in do_execute
    cursor.execute(statement, parameters)
  File "/www/wwwroot/cookbook-server/b8138d1504cef8184f7319b108086c2d_venv/lib/python3.12/site-packages/sqlalchemy/dialects/postgresql/psycopg.py", line 642, in execute
    result = self.await_(self._cursor.execute(query, params, **kw))
             ^^^^^^^^^^^^^^^^^^^^^^^^^^^^^^^^^^^^^^^^^^^^^^^^^^^^^^
  File "/www/wwwroot/cookbook-server/b8138d1504cef8184f7319b108086c2d_venv/lib/python3.12/site-packages/sqlalchemy/util/_concurrency_py3k.py", line 132, in await_only
    return current.parent.switch(awaitable)  # type: ignore[no-any-return,attr-defined] # noqa: E501
           ^^^^^^^^^^^^^^^^^^^^^^^^^^^^^^^^
  File "/www/wwwroot/cookbook-server/b8138d1504cef8184f7319b108086c2d_venv/lib/python3.12/site-packages/sqlalchemy/util/_concurrency_py3k.py", line 196, in greenlet_spawn
    value = await result
            ^^^^^^^^^^^^
  File "/www/wwwroot/cookbook-server/b8138d1504cef8184f7319b108086c2d_venv/lib/python3.12/site-packages/psycopg/cursor_async.py", line 117, in execute
    raise ex.with_traceback(None)
psycopg.errors.UndefinedTable: relation "dishes" does not exist
LINE 2: FROM dishes 
             ^

The above exception was the direct cause of the following exception:

Traceback (most recent call last):
  File "/www/wwwroot/cookbook-server/b8138d1504cef8184f7319b108086c2d_venv/lib/python3.12/site-packages/starlette/middleware/errors.py", line 164, in __call__
    await self.app(scope, receive, _send)
  File "/www/wwwroot/cookbook-server/b8138d1504cef8184f7319b108086c2d_venv/lib/python3.12/site-packages/starlette/middleware/exceptions.py", line 63, in __call__
    await wrap_app_handling_exceptions(self.app, conn)(scope, receive, send)
  File "/www/wwwroot/cookbook-server/b8138d1504cef8184f7319b108086c2d_venv/lib/python3.12/site-packages/starlette/_exception_handler.py", line 53, in wrapped_app
    raise exc
  File "/www/wwwroot/cookbook-server/b8138d1504cef8184f7319b108086c2d_venv/lib/python3.12/site-packages/starlette/_exception_handler.py", line 42, in wrapped_app
    await app(scope, receive, sender)
  File "/www/wwwroot/cookbook-server/b8138d1504cef8184f7319b108086c2d_venv/lib/python3.12/site-packages/fastapi/middleware/asyncexitstack.py", line 18, in __call__
    await self.app(scope, receive, send)
  File "/www/wwwroot/cookbook-server/b8138d1504cef8184f7319b108086c2d_venv/lib/python3.12/site-packages/starlette/routing.py", line 660, in __call__
    await self.middleware_stack(scope, receive, send)
  File "/www/wwwroot/cookbook-server/b8138d1504cef8184f7319b108086c2d_venv/lib/python3.12/site-packages/starlette/routing.py", line 680, in app
    await route.handle(scope, receive, send)
  File "/www/wwwroot/cookbook-server/b8138d1504cef8184f7319b108086c2d_venv/lib/python3.12/site-packages/fastapi/routing.py", line 1574, in handle
    await self.original_router.handle(scope, receive, send)
  File "/www/wwwroot/cookbook-server/b8138d1504cef8184f7319b108086c2d_venv/lib/python3.12/site-packages/fastapi/routing.py", line 2012, in handle
    await included_router._handle_selected(scope, receive, send)
  File "/www/wwwroot/cookbook-server/b8138d1504cef8184f7319b108086c2d_venv/lib/python3.12/site-packages/fastapi/routing.py", line 1585, in _handle_selected
    await route.handle(scope, receive, send)
  File "/www/wwwroot/cookbook-server/b8138d1504cef8184f7319b108086c2d_venv/lib/python3.12/site-packages/fastapi/routing.py", line 1574, in handle
    await self.original_router.handle(scope, receive, send)
  File "/www/wwwroot/cookbook-server/b8138d1504cef8184f7319b108086c2d_venv/lib/python3.12/site-packages/fastapi/routing.py", line 2012, in handle
    await included_router._handle_selected(scope, receive, send)
  File "/www/wwwroot/cookbook-server/b8138d1504cef8184f7319b108086c2d_venv/lib/python3.12/site-packages/fastapi/routing.py", line 1594, in _handle_selected
    await original_route.handle(scope, receive, send)
  File "/www/wwwroot/cookbook-server/b8138d1504cef8184f7319b108086c2d_venv/lib/python3.12/site-packages/fastapi/routing.py", line 1183, in handle
    await app(scope, receive, send)
  File "/www/wwwroot/cookbook-server/b8138d1504cef8184f7319b108086c2d_venv/lib/python3.12/site-packages/fastapi/routing.py", line 143, in app
    await wrap_app_handling_exceptions(app, request)(scope, receive, send)
  File "/www/wwwroot/cookbook-server/b8138d1504cef8184f7319b108086c2d_venv/lib/python3.12/site-packages/starlette/_exception_handler.py", line 53, in wrapped_app
    raise exc
  File "/www/wwwroot/cookbook-server/b8138d1504cef8184f7319b108086c2d_venv/lib/python3.12/site-packages/starlette/_exception_handler.py", line 42, in wrapped_app
    await app(scope, receive, sender)
  File "/www/wwwroot/cookbook-server/b8138d1504cef8184f7319b108086c2d_venv/lib/python3.12/site-packages/fastapi/routing.py", line 129, in app
    response = await f(request)
               ^^^^^^^^^^^^^^^^
  File "/www/wwwroot/cookbook-server/b8138d1504cef8184f7319b108086c2d_venv/lib/python3.12/site-packages/fastapi/routing.py", line 683, in app
    raw_response = await run_endpoint_function(
                   ^^^^^^^^^^^^^^^^^^^^^^^^^^^^
  File "/www/wwwroot/cookbook-server/b8138d1504cef8184f7319b108086c2d_venv/lib/python3.12/site-packages/fastapi/routing.py", line 337, in run_endpoint_function
    return await dependant.call(**values)
           ^^^^^^^^^^^^^^^^^^^^^^^^^^^^^^
  File "/www/wwwroot/cookbook-server/app/api/v1/recipes.py", line 112, in list_recipes
    dishes, total = await get_dishes(
                    ^^^^^^^^^^^^^^^^^
  File "/www/wwwroot/cookbook-server/app/services/dish.py", line 59, in get_dishes
    total_result = await db.execute(count_base)
                   ^^^^^^^^^^^^^^^^^^^^^^^^^^^^
  File "/www/wwwroot/cookbook-server/b8138d1504cef8184f7319b108086c2d_venv/lib/python3.12/site-packages/sqlalchemy/ext/asyncio/session.py", line 448, in execute
    result = await greenlet_spawn(
             ^^^^^^^^^^^^^^^^^^^^^
  File "/www/wwwroot/cookbook-server/b8138d1504cef8184f7319b108086c2d_venv/lib/python3.12/site-packages/sqlalchemy/util/_concurrency_py3k.py", line 201, in greenlet_spawn
    result = context.throw(*sys.exc_info())
             ^^^^^^^^^^^^^^^^^^^^^^^^^^^^^^
  File "/www/wwwroot/cookbook-server/b8138d1504cef8184f7319b108086c2d_venv/lib/python3.12/site-packages/sqlalchemy/orm/session.py", line 2372, in execute
    return self._execute_internal(
           ^^^^^^^^^^^^^^^^^^^^^^^
  File "/www/wwwroot/cookbook-server/b8138d1504cef8184f7319b108086c2d_venv/lib/python3.12/site-packages/sqlalchemy/orm/session.py", line 2270, in _execute_internal
    result: Result[Any] = compile_state_cls.orm_execute_statement(
                          ^^^^^^^^^^^^^^^^^^^^^^^^^^^^^^^^^^^^^^^^
  File "/www/wwwroot/cookbook-server/b8138d1504cef8184f7319b108086c2d_venv/lib/python3.12/site-packages/sqlalchemy/orm/context.py", line 306, in orm_execute_statement
    result = conn.execute(
             ^^^^^^^^^^^^^
  File "/www/wwwroot/cookbook-server/b8138d1504cef8184f7319b108086c2d_venv/lib/python3.12/site-packages/sqlalchemy/engine/base.py", line 1421, in execute
    return meth(
           ^^^^^
  File "/www/wwwroot/cookbook-server/b8138d1504cef8184f7319b108086c2d_venv/lib/python3.12/site-packages/sqlalchemy/sql/elements.py", line 526, in _execute_on_connection
    return connection._execute_clauseelement(
           ^^^^^^^^^^^^^^^^^^^^^^^^^^^^^^^^^^
  File "/www/wwwroot/cookbook-server/b8138d1504cef8184f7319b108086c2d_venv/lib/python3.12/site-packages/sqlalchemy/engine/base.py", line 1643, in _execute_clauseelement
    ret = self._execute_context(
          ^^^^^^^^^^^^^^^^^^^^^^
  File "/www/wwwroot/cookbook-server/b8138d1504cef8184f7319b108086c2d_venv/lib/python3.12/site-packages/sqlalchemy/engine/base.py", line 1848, in _execute_context
    return self._exec_single_context(
           ^^^^^^^^^^^^^^^^^^^^^^^^^^
  File "/www/wwwroot/cookbook-server/b8138d1504cef8184f7319b108086c2d_venv/lib/python3.12/site-packages/sqlalchemy/engine/base.py", line 1988, in _exec_single_context
    self._handle_dbapi_exception(
  File "/www/wwwroot/cookbook-server/b8138d1504cef8184f7319b108086c2d_venv/lib/python3.12/site-packages/sqlalchemy/engine/base.py", line 2365, in _handle_dbapi_exception
    raise sqlalchemy_exception.with_traceback(exc_info[2]) from e
  File "/www/wwwroot/cookbook-server/b8138d1504cef8184f7319b108086c2d_venv/lib/python3.12/site-packages/sqlalchemy/engine/base.py", line 1969, in _exec_single_context
    self.dialect.do_execute(
  File "/www/wwwroot/cookbook-server/b8138d1504cef8184f7319b108086c2d_venv/lib/python3.12/site-packages/sqlalchemy/engine/default.py", line 952, in do_execute
    cursor.execute(statement, parameters)
  File "/www/wwwroot/cookbook-server/b8138d1504cef8184f7319b108086c2d_venv/lib/python3.12/site-packages/sqlalchemy/dialects/postgresql/psycopg.py", line 642, in execute
    result = self.await_(self._cursor.execute(query, params, **kw))
             ^^^^^^^^^^^^^^^^^^^^^^^^^^^^^^^^^^^^^^^^^^^^^^^^^^^^^^
  File "/www/wwwroot/cookbook-server/b8138d1504cef8184f7319b108086c2d_venv/lib/python3.12/site-packages/sqlalchemy/util/_concurrency_py3k.py", line 132, in await_only
    return current.parent.switch(awaitable)  # type: ignore[no-any-return,attr-defined] # noqa: E501
           ^^^^^^^^^^^^^^^^^^^^^^^^^^^^^^^^
  File "/www/wwwroot/cookbook-server/b8138d1504cef8184f7319b108086c2d_venv/lib/python3.12/site-packages/sqlalchemy/util/_concurrency_py3k.py", line 196, in greenlet_spawn
    value = await result
            ^^^^^^^^^^^^
  File "/www/wwwroot/cookbook-server/b8138d1504cef8184f7319b108086c2d_venv/lib/python3.12/site-packages/psycopg/cursor_async.py", line 117, in execute
    raise ex.with_traceback(None)
sqlalchemy.exc.ProgrammingError: (psycopg.errors.UndefinedTable) relation "dishes" does not exist
LINE 2: FROM dishes 
             ^
[SQL: SELECT count(dishes.id) AS count_1 
FROM dishes 
WHERE dishes.status = %(status_1)s::VARCHAR]
[parameters: {'status_1': 'published'}]
(Background on this error at: https://sqlalche.me/e/20/f405)
INFO:     14.19.150.236:0 - "GET /api/v1/recipes?page=1&pageSize=10&sort=rating HTTP/1.0" 500 Internal Server Error
ERROR:    Exception in ASGI application
Traceback (most recent call last):
  File "/www/wwwroot/cookbook-server/b8138d1504cef8184f7319b108086c2d_venv/lib/python3.12/site-packages/sqlalchemy/engine/base.py", line 1969, in _exec_single_context
    self.dialect.do_execute(
  File "/www/wwwroot/cookbook-server/b8138d1504cef8184f7319b108086c2d_venv/lib/python3.12/site-packages/sqlalchemy/engine/default.py", line 952, in do_execute
    cursor.execute(statement, parameters)
  File "/www/wwwroot/cookbook-server/b8138d1504cef8184f7319b108086c2d_venv/lib/python3.12/site-packages/sqlalchemy/dialects/postgresql/psycopg.py", line 642, in execute
    result = self.await_(self._cursor.execute(query, params, **kw))
             ^^^^^^^^^^^^^^^^^^^^^^^^^^^^^^^^^^^^^^^^^^^^^^^^^^^^^^
  File "/www/wwwroot/cookbook-server/b8138d1504cef8184f7319b108086c2d_venv/lib/python3.12/site-packages/sqlalchemy/util/_concurrency_py3k.py", line 132, in await_only
    return current.parent.switch(awaitable)  # type: ignore[no-any-return,attr-defined] # noqa: E501
           ^^^^^^^^^^^^^^^^^^^^^^^^^^^^^^^^
  File "/www/wwwroot/cookbook-server/b8138d1504cef8184f7319b108086c2d_venv/lib/python3.12/site-packages/sqlalchemy/util/_concurrency_py3k.py", line 196, in greenlet_spawn
    value = await result
            ^^^^^^^^^^^^
  File "/www/wwwroot/cookbook-server/b8138d1504cef8184f7319b108086c2d_venv/lib/python3.12/site-packages/psycopg/cursor_async.py", line 117, in execute
    raise ex.with_traceback(None)
psycopg.errors.UndefinedTable: relation "dishes" does not exist
LINE 2: FROM dishes 
             ^

The above exception was the direct cause of the following exception:

Traceback (most recent call last):
  File "/www/wwwroot/cookbook-server/b8138d1504cef8184f7319b108086c2d_venv/lib/python3.12/site-packages/uvicorn/protocols/http/httptools_impl.py", line 421, in run_asgi
    result = await app(  # type: ignore[func-returns-value]
             ^^^^^^^^^^^^^^^^^^^^^^^^^^^^^^^^^^^^^^^^^^^^^^
  File "/www/wwwroot/cookbook-server/b8138d1504cef8184f7319b108086c2d_venv/lib/python3.12/site-packages/uvicorn/middleware/proxy_headers.py", line 62, in __call__
    return await self.app(scope, receive, send)
           ^^^^^^^^^^^^^^^^^^^^^^^^^^^^^^^^^^^^
  File "/www/wwwroot/cookbook-server/b8138d1504cef8184f7319b108086c2d_venv/lib/python3.12/site-packages/fastapi/applications.py", line 1162, in __call__
    await super().__call__(scope, receive, send)
  File "/www/wwwroot/cookbook-server/b8138d1504cef8184f7319b108086c2d_venv/lib/python3.12/site-packages/starlette/applications.py", line 90, in __call__
    await self.middleware_stack(scope, receive, send)
  File "/www/wwwroot/cookbook-server/b8138d1504cef8184f7319b108086c2d_venv/lib/python3.12/site-packages/starlette/middleware/errors.py", line 186, in __call__
    raise exc
  File "/www/wwwroot/cookbook-server/b8138d1504cef8184f7319b108086c2d_venv/lib/python3.12/site-packages/starlette/middleware/errors.py", line 164, in __call__
    await self.app(scope, receive, _send)
  File "/www/wwwroot/cookbook-server/b8138d1504cef8184f7319b108086c2d_venv/lib/python3.12/site-packages/starlette/middleware/exceptions.py", line 63, in __call__
    await wrap_app_handling_exceptions(self.app, conn)(scope, receive, send)
  File "/www/wwwroot/cookbook-server/b8138d1504cef8184f7319b108086c2d_venv/lib/python3.12/site-packages/starlette/_exception_handler.py", line 53, in wrapped_app
    raise exc
  File "/www/wwwroot/cookbook-server/b8138d1504cef8184f7319b108086c2d_venv/lib/python3.12/site-packages/starlette/_exception_handler.py", line 42, in wrapped_app
    await app(scope, receive, sender)
  File "/www/wwwroot/cookbook-server/b8138d1504cef8184f7319b108086c2d_venv/lib/python3.12/site-packages/fastapi/middleware/asyncexitstack.py", line 18, in __call__
    await self.app(scope, receive, send)
  File "/www/wwwroot/cookbook-server/b8138d1504cef8184f7319b108086c2d_venv/lib/python3.12/site-packages/starlette/routing.py", line 660, in __call__
    await self.middleware_stack(scope, receive, send)
  File "/www/wwwroot/cookbook-server/b8138d1504cef8184f7319b108086c2d_venv/lib/python3.12/site-packages/starlette/routing.py", line 680, in app
    await route.handle(scope, receive, send)
  File "/www/wwwroot/cookbook-server/b8138d1504cef8184f7319b108086c2d_venv/lib/python3.12/site-packages/fastapi/routing.py", line 1574, in handle
    await self.original_router.handle(scope, receive, send)
  File "/www/wwwroot/cookbook-server/b8138d1504cef8184f7319b108086c2d_venv/lib/python3.12/site-packages/fastapi/routing.py", line 2012, in handle
    await included_router._handle_selected(scope, receive, send)
  File "/www/wwwroot/cookbook-server/b8138d1504cef8184f7319b108086c2d_venv/lib/python3.12/site-packages/fastapi/routing.py", line 1585, in _handle_selected
    await route.handle(scope, receive, send)
  File "/www/wwwroot/cookbook-server/b8138d1504cef8184f7319b108086c2d_venv/lib/python3.12/site-packages/fastapi/routing.py", line 1574, in handle
    await self.original_router.handle(scope, receive, send)
  File "/www/wwwroot/cookbook-server/b8138d1504cef8184f7319b108086c2d_venv/lib/python3.12/site-packages/fastapi/routing.py", line 2012, in handle
    await included_router._handle_selected(scope, receive, send)
  File "/www/wwwroot/cookbook-server/b8138d1504cef8184f7319b108086c2d_venv/lib/python3.12/site-packages/fastapi/routing.py", line 1594, in _handle_selected
    await original_route.handle(scope, receive, send)
  File "/www/wwwroot/cookbook-server/b8138d1504cef8184f7319b108086c2d_venv/lib/python3.12/site-packages/fastapi/routing.py", line 1183, in handle
    await app(scope, receive, send)
  File "/www/wwwroot/cookbook-server/b8138d1504cef8184f7319b108086c2d_venv/lib/python3.12/site-packages/fastapi/routing.py", line 143, in app
    await wrap_app_handling_exceptions(app, request)(scope, receive, send)
  File "/www/wwwroot/cookbook-server/b8138d1504cef8184f7319b108086c2d_venv/lib/python3.12/site-packages/starlette/_exception_handler.py", line 53, in wrapped_app
    raise exc
  File "/www/wwwroot/cookbook-server/b8138d1504cef8184f7319b108086c2d_venv/lib/python3.12/site-packages/starlette/_exception_handler.py", line 42, in wrapped_app
    await app(scope, receive, sender)
  File "/www/wwwroot/cookbook-server/b8138d1504cef8184f7319b108086c2d_venv/lib/python3.12/site-packages/fastapi/routing.py", line 129, in app
    response = await f(request)
               ^^^^^^^^^^^^^^^^
  File "/www/wwwroot/cookbook-server/b8138d1504cef8184f7319b108086c2d_venv/lib/python3.12/site-packages/fastapi/routing.py", line 683, in app
    raw_response = await run_endpoint_function(
                   ^^^^^^^^^^^^^^^^^^^^^^^^^^^^
  File "/www/wwwroot/cookbook-server/b8138d1504cef8184f7319b108086c2d_venv/lib/python3.12/site-packages/fastapi/routing.py", line 337, in run_endpoint_function
    return await dependant.call(**values)
           ^^^^^^^^^^^^^^^^^^^^^^^^^^^^^^
  File "/www/wwwroot/cookbook-server/app/api/v1/recipes.py", line 112, in list_recipes
    dishes, total = await get_dishes(
                    ^^^^^^^^^^^^^^^^^
  File "/www/wwwroot/cookbook-server/app/services/dish.py", line 59, in get_dishes
    total_result = await db.execute(count_base)
                   ^^^^^^^^^^^^^^^^^^^^^^^^^^^^
  File "/www/wwwroot/cookbook-server/b8138d1504cef8184f7319b108086c2d_venv/lib/python3.12/site-packages/sqlalchemy/ext/asyncio/session.py", line 448, in execute
    result = await greenlet_spawn(
             ^^^^^^^^^^^^^^^^^^^^^
  File "/www/wwwroot/cookbook-server/b8138d1504cef8184f7319b108086c2d_venv/lib/python3.12/site-packages/sqlalchemy/util/_concurrency_py3k.py", line 201, in greenlet_spawn
    result = context.throw(*sys.exc_info())
             ^^^^^^^^^^^^^^^^^^^^^^^^^^^^^^
  File "/www/wwwroot/cookbook-server/b8138d1504cef8184f7319b108086c2d_venv/lib/python3.12/site-packages/sqlalchemy/orm/session.py", line 2372, in execute
    return self._execute_internal(
           ^^^^^^^^^^^^^^^^^^^^^^^
  File "/www/wwwroot/cookbook-server/b8138d1504cef8184f7319b108086c2d_venv/lib/python3.12/site-packages/sqlalchemy/orm/session.py", line 2270, in _execute_internal
    result: Result[Any] = compile_state_cls.orm_execute_statement(
                          ^^^^^^^^^^^^^^^^^^^^^^^^^^^^^^^^^^^^^^^^
  File "/www/wwwroot/cookbook-server/b8138d1504cef8184f7319b108086c2d_venv/lib/python3.12/site-packages/sqlalchemy/orm/context.py", line 306, in orm_execute_statement
    result = conn.execute(
             ^^^^^^^^^^^^^
  File "/www/wwwroot/cookbook-server/b8138d1504cef8184f7319b108086c2d_venv/lib/python3.12/site-packages/sqlalchemy/engine/base.py", line 1421, in execute
    return meth(
           ^^^^^
  File "/www/wwwroot/cookbook-server/b8138d1504cef8184f7319b108086c2d_venv/lib/python3.12/site-packages/sqlalchemy/sql/elements.py", line 526, in _execute_on_connection
    return connection._execute_clauseelement(
           ^^^^^^^^^^^^^^^^^^^^^^^^^^^^^^^^^^
  File "/www/wwwroot/cookbook-server/b8138d1504cef8184f7319b108086c2d_venv/lib/python3.12/site-packages/sqlalchemy/engine/base.py", line 1643, in _execute_clauseelement
    ret = self._execute_context(
          ^^^^^^^^^^^^^^^^^^^^^^
  File "/www/wwwroot/cookbook-server/b8138d1504cef8184f7319b108086c2d_venv/lib/python3.12/site-packages/sqlalchemy/engine/base.py", line 1848, in _execute_context
    return self._exec_single_context(
           ^^^^^^^^^^^^^^^^^^^^^^^^^^
  File "/www/wwwroot/cookbook-server/b8138d1504cef8184f7319b108086c2d_venv/lib/python3.12/site-packages/sqlalchemy/engine/base.py", line 1988, in _exec_single_context
    self._handle_dbapi_exception(
  File "/www/wwwroot/cookbook-server/b8138d1504cef8184f7319b108086c2d_venv/lib/python3.12/site-packages/sqlalchemy/engine/base.py", line 2365, in _handle_dbapi_exception
    raise sqlalchemy_exception.with_traceback(exc_info[2]) from e
  File "/www/wwwroot/cookbook-server/b8138d1504cef8184f7319b108086c2d_venv/lib/python3.12/site-packages/sqlalchemy/engine/base.py", line 1969, in _exec_single_context
    self.dialect.do_execute(
  File "/www/wwwroot/cookbook-server/b8138d1504cef8184f7319b108086c2d_venv/lib/python3.12/site-packages/sqlalchemy/engine/default.py", line 952, in do_execute
    cursor.execute(statement, parameters)
  File "/www/wwwroot/cookbook-server/b8138d1504cef8184f7319b108086c2d_venv/lib/python3.12/site-packages/sqlalchemy/dialects/postgresql/psycopg.py", line 642, in execute
    result = self.await_(self._cursor.execute(query, params, **kw))
             ^^^^^^^^^^^^^^^^^^^^^^^^^^^^^^^^^^^^^^^^^^^^^^^^^^^^^^
  File "/www/wwwroot/cookbook-server/b8138d1504cef8184f7319b108086c2d_venv/lib/python3.12/site-packages/sqlalchemy/util/_concurrency_py3k.py", line 132, in await_only
    return current.parent.switch(awaitable)  # type: ignore[no-any-return,attr-defined] # noqa: E501
           ^^^^^^^^^^^^^^^^^^^^^^^^^^^^^^^^
  File "/www/wwwroot/cookbook-server/b8138d1504cef8184f7319b108086c2d_venv/lib/python3.12/site-packages/sqlalchemy/util/_concurrency_py3k.py", line 196, in greenlet_spawn
    value = await result
            ^^^^^^^^^^^^
  File "/www/wwwroot/cookbook-server/b8138d1504cef8184f7319b108086c2d_venv/lib/python3.12/site-packages/psycopg/cursor_async.py", line 117, in execute
    raise ex.with_traceback(None)
sqlalchemy.exc.ProgrammingError: (psycopg.errors.UndefinedTable) relation "dishes" does not exist
LINE 2: FROM dishes 
             ^
[SQL: SELECT count(dishes.id) AS count_1 
FROM dishes 
WHERE dishes.status = %(status_1)s::VARCHAR]
[parameters: {'status_1': 'published'}]
(Background on this error at: https://sqlalche.me/e/20/f405)
ERROR:    Unhandled GET /api/v1/recipes
Traceback (most recent call last):
  File "/www/wwwroot/cookbook-server/b8138d1504cef8184f7319b108086c2d_venv/lib/python3.12/site-packages/sqlalchemy/engine/base.py", line 1969, in _exec_single_context
    self.dialect.do_execute(
  File "/www/wwwroot/cookbook-server/b8138d1504cef8184f7319b108086c2d_venv/lib/python3.12/site-packages/sqlalchemy/engine/default.py", line 952, in do_execute
    cursor.execute(statement, parameters)
  File "/www/wwwroot/cookbook-server/b8138d1504cef8184f7319b108086c2d_venv/lib/python3.12/site-packages/sqlalchemy/dialects/postgresql/psycopg.py", line 642, in execute
    result = self.await_(self._cursor.execute(query, params, **kw))
             ^^^^^^^^^^^^^^^^^^^^^^^^^^^^^^^^^^^^^^^^^^^^^^^^^^^^^^
  File "/www/wwwroot/cookbook-server/b8138d1504cef8184f7319b108086c2d_venv/lib/python3.12/site-packages/sqlalchemy/util/_concurrency_py3k.py", line 132, in await_only
    return current.parent.switch(awaitable)  # type: ignore[no-any-return,attr-defined] # noqa: E501
           ^^^^^^^^^^^^^^^^^^^^^^^^^^^^^^^^
  File "/www/wwwroot/cookbook-server/b8138d1504cef8184f7319b108086c2d_venv/lib/python3.12/site-packages/sqlalchemy/util/_concurrency_py3k.py", line 196, in greenlet_spawn
    value = await result
            ^^^^^^^^^^^^
  File "/www/wwwroot/cookbook-server/b8138d1504cef8184f7319b108086c2d_venv/lib/python3.12/site-packages/psycopg/cursor_async.py", line 117, in execute
    raise ex.with_traceback(None)
psycopg.errors.UndefinedTable: relation "dishes" does not exist
LINE 2: FROM dishes 
             ^

The above exception was the direct cause of the following exception:

Traceback (most recent call last):
  File "/www/wwwroot/cookbook-server/b8138d1504cef8184f7319b108086c2d_venv/lib/python3.12/site-packages/starlette/middleware/errors.py", line 164, in __call__
    await self.app(scope, receive, _send)
  File "/www/wwwroot/cookbook-server/b8138d1504cef8184f7319b108086c2d_venv/lib/python3.12/site-packages/starlette/middleware/exceptions.py", line 63, in __call__
    await wrap_app_handling_exceptions(self.app, conn)(scope, receive, send)
  File "/www/wwwroot/cookbook-server/b8138d1504cef8184f7319b108086c2d_venv/lib/python3.12/site-packages/starlette/_exception_handler.py", line 53, in wrapped_app
    raise exc
  File "/www/wwwroot/cookbook-server/b8138d1504cef8184f7319b108086c2d_venv/lib/python3.12/site-packages/starlette/_exception_handler.py", line 42, in wrapped_app
    await app(scope, receive, sender)
  File "/www/wwwroot/cookbook-server/b8138d1504cef8184f7319b108086c2d_venv/lib/python3.12/site-packages/fastapi/middleware/asyncexitstack.py", line 18, in __call__
    await self.app(scope, receive, send)
  File "/www/wwwroot/cookbook-server/b8138d1504cef8184f7319b108086c2d_venv/lib/python3.12/site-packages/starlette/routing.py", line 660, in __call__
    await self.middleware_stack(scope, receive, send)
  File "/www/wwwroot/cookbook-server/b8138d1504cef8184f7319b108086c2d_venv/lib/python3.12/site-packages/starlette/routing.py", line 680, in app
    await route.handle(scope, receive, send)
  File "/www/wwwroot/cookbook-server/b8138d1504cef8184f7319b108086c2d_venv/lib/python3.12/site-packages/fastapi/routing.py", line 1574, in handle
    await self.original_router.handle(scope, receive, send)
  File "/www/wwwroot/cookbook-server/b8138d1504cef8184f7319b108086c2d_venv/lib/python3.12/site-packages/fastapi/routing.py", line 2012, in handle
    await included_router._handle_selected(scope, receive, send)
  File "/www/wwwroot/cookbook-server/b8138d1504cef8184f7319b108086c2d_venv/lib/python3.12/site-packages/fastapi/routing.py", line 1585, in _handle_selected
    await route.handle(scope, receive, send)
  File "/www/wwwroot/cookbook-server/b8138d1504cef8184f7319b108086c2d_venv/lib/python3.12/site-packages/fastapi/routing.py", line 1574, in handle
    await self.original_router.handle(scope, receive, send)
  File "/www/wwwroot/cookbook-server/b8138d1504cef8184f7319b108086c2d_venv/lib/python3.12/site-packages/fastapi/routing.py", line 2012, in handle
    await included_router._handle_selected(scope, receive, send)
  File "/www/wwwroot/cookbook-server/b8138d1504cef8184f7319b108086c2d_venv/lib/python3.12/site-packages/fastapi/routing.py", line 1594, in _handle_selected
    await original_route.handle(scope, receive, send)
  File "/www/wwwroot/cookbook-server/b8138d1504cef8184f7319b108086c2d_venv/lib/python3.12/site-packages/fastapi/routing.py", line 1183, in handle
    await app(scope, receive, send)
  File "/www/wwwroot/cookbook-server/b8138d1504cef8184f7319b108086c2d_venv/lib/python3.12/site-packages/fastapi/routing.py", line 143, in app
    await wrap_app_handling_exceptions(app, request)(scope, receive, send)
  File "/www/wwwroot/cookbook-server/b8138d1504cef8184f7319b108086c2d_venv/lib/python3.12/site-packages/starlette/_exception_handler.py", line 53, in wrapped_app
    raise exc
  File "/www/wwwroot/cookbook-server/b8138d1504cef8184f7319b108086c2d_venv/lib/python3.12/site-packages/starlette/_exception_handler.py", line 42, in wrapped_app
    await app(scope, receive, sender)
  File "/www/wwwroot/cookbook-server/b8138d1504cef8184f7319b108086c2d_venv/lib/python3.12/site-packages/fastapi/routing.py", line 129, in app
    response = await f(request)
               ^^^^^^^^^^^^^^^^
  File "/www/wwwroot/cookbook-server/b8138d1504cef8184f7319b108086c2d_venv/lib/python3.12/site-packages/fastapi/routing.py", line 683, in app
    raw_response = await run_endpoint_function(
                   ^^^^^^^^^^^^^^^^^^^^^^^^^^^^
  File "/www/wwwroot/cookbook-server/b8138d1504cef8184f7319b108086c2d_venv/lib/python3.12/site-packages/fastapi/routing.py", line 337, in run_endpoint_function
    return await dependant.call(**values)
           ^^^^^^^^^^^^^^^^^^^^^^^^^^^^^^
  File "/www/wwwroot/cookbook-server/app/api/v1/recipes.py", line 112, in list_recipes
    dishes, total = await get_dishes(
                    ^^^^^^^^^^^^^^^^^
  File "/www/wwwroot/cookbook-server/app/services/dish.py", line 59, in get_dishes
    total_result = await db.execute(count_base)
                   ^^^^^^^^^^^^^^^^^^^^^^^^^^^^
  File "/www/wwwroot/cookbook-server/b8138d1504cef8184f7319b108086c2d_venv/lib/python3.12/site-packages/sqlalchemy/ext/asyncio/session.py", line 448, in execute
    result = await greenlet_spawn(
             ^^^^^^^^^^^^^^^^^^^^^
  File "/www/wwwroot/cookbook-server/b8138d1504cef8184f7319b108086c2d_venv/lib/python3.12/site-packages/sqlalchemy/util/_concurrency_py3k.py", line 201, in greenlet_spawn
    result = context.throw(*sys.exc_info())
             ^^^^^^^^^^^^^^^^^^^^^^^^^^^^^^
  File "/www/wwwroot/cookbook-server/b8138d1504cef8184f7319b108086c2d_venv/lib/python3.12/site-packages/sqlalchemy/orm/session.py", line 2372, in execute
    return self._execute_internal(
           ^^^^^^^^^^^^^^^^^^^^^^^
  File "/www/wwwroot/cookbook-server/b8138d1504cef8184f7319b108086c2d_venv/lib/python3.12/site-packages/sqlalchemy/orm/session.py", line 2270, in _execute_internal
    result: Result[Any] = compile_state_cls.orm_execute_statement(
                          ^^^^^^^^^^^^^^^^^^^^^^^^^^^^^^^^^^^^^^^^
  File "/www/wwwroot/cookbook-server/b8138d1504cef8184f7319b108086c2d_venv/lib/python3.12/site-packages/sqlalchemy/orm/context.py", line 306, in orm_execute_statement
    result = conn.execute(
             ^^^^^^^^^^^^^
  File "/www/wwwroot/cookbook-server/b8138d1504cef8184f7319b108086c2d_venv/lib/python3.12/site-packages/sqlalchemy/engine/base.py", line 1421, in execute
    return meth(
           ^^^^^
  File "/www/wwwroot/cookbook-server/b8138d1504cef8184f7319b108086c2d_venv/lib/python3.12/site-packages/sqlalchemy/sql/elements.py", line 526, in _execute_on_connection
    return connection._execute_clauseelement(
           ^^^^^^^^^^^^^^^^^^^^^^^^^^^^^^^^^^
  File "/www/wwwroot/cookbook-server/b8138d1504cef8184f7319b108086c2d_venv/lib/python3.12/site-packages/sqlalchemy/engine/base.py", line 1643, in _execute_clauseelement
    ret = self._execute_context(
          ^^^^^^^^^^^^^^^^^^^^^^
  File "/www/wwwroot/cookbook-server/b8138d1504cef8184f7319b108086c2d_venv/lib/python3.12/site-packages/sqlalchemy/engine/base.py", line 1848, in _execute_context
    return self._exec_single_context(
           ^^^^^^^^^^^^^^^^^^^^^^^^^^
  File "/www/wwwroot/cookbook-server/b8138d1504cef8184f7319b108086c2d_venv/lib/python3.12/site-packages/sqlalchemy/engine/base.py", line 1988, in _exec_single_context
    self._handle_dbapi_exception(
  File "/www/wwwroot/cookbook-server/b8138d1504cef8184f7319b108086c2d_venv/lib/python3.12/site-packages/sqlalchemy/engine/base.py", line 2365, in _handle_dbapi_exception
    raise sqlalchemy_exception.with_traceback(exc_info[2]) from e
  File "/www/wwwroot/cookbook-server/b8138d1504cef8184f7319b108086c2d_venv/lib/python3.12/site-packages/sqlalchemy/engine/base.py", line 1969, in _exec_single_context
    self.dialect.do_execute(
  File "/www/wwwroot/cookbook-server/b8138d1504cef8184f7319b108086c2d_venv/lib/python3.12/site-packages/sqlalchemy/engine/default.py", line 952, in do_execute
    cursor.execute(statement, parameters)
  File "/www/wwwroot/cookbook-server/b8138d1504cef8184f7319b108086c2d_venv/lib/python3.12/site-packages/sqlalchemy/dialects/postgresql/psycopg.py", line 642, in execute
    result = self.await_(self._cursor.execute(query, params, **kw))
             ^^^^^^^^^^^^^^^^^^^^^^^^^^^^^^^^^^^^^^^^^^^^^^^^^^^^^^
  File "/www/wwwroot/cookbook-server/b8138d1504cef8184f7319b108086c2d_venv/lib/python3.12/site-packages/sqlalchemy/util/_concurrency_py3k.py", line 132, in await_only
    return current.parent.switch(awaitable)  # type: ignore[no-any-return,attr-defined] # noqa: E501
           ^^^^^^^^^^^^^^^^^^^^^^^^^^^^^^^^
  File "/www/wwwroot/cookbook-server/b8138d1504cef8184f7319b108086c2d_venv/lib/python3.12/site-packages/sqlalchemy/util/_concurrency_py3k.py", line 196, in greenlet_spawn
    value = await result
            ^^^^^^^^^^^^
  File "/www/wwwroot/cookbook-server/b8138d1504cef8184f7319b108086c2d_venv/lib/python3.12/site-packages/psycopg/cursor_async.py", line 117, in execute
    raise ex.with_traceback(None)
sqlalchemy.exc.ProgrammingError: (psycopg.errors.UndefinedTable) relation "dishes" does not exist
LINE 2: FROM dishes 
             ^
[SQL: SELECT count(dishes.id) AS count_1 
FROM dishes 
WHERE dishes.status = %(status_1)s::VARCHAR]
[parameters: {'status_1': 'published'}]
(Background on this error at: https://sqlalche.me/e/20/f405)
INFO:     14.19.150.236:0 - "GET /api/v1/recipes?page=1&pageSize=10&sort=rating HTTP/1.0" 500 Internal Server Error
ERROR:    Exception in ASGI application
Traceback (most recent call last):
  File "/www/wwwroot/cookbook-server/b8138d1504cef8184f7319b108086c2d_venv/lib/python3.12/site-packages/sqlalchemy/engine/base.py", line 1969, in _exec_single_context
    self.dialect.do_execute(
  File "/www/wwwroot/cookbook-server/b8138d1504cef8184f7319b108086c2d_venv/lib/python3.12/site-packages/sqlalchemy/engine/default.py", line 952, in do_execute
    cursor.execute(statement, parameters)
  File "/www/wwwroot/cookbook-server/b8138d1504cef8184f7319b108086c2d_venv/lib/python3.12/site-packages/sqlalchemy/dialects/postgresql/psycopg.py", line 642, in execute
    result = self.await_(self._cursor.execute(query, params, **kw))
             ^^^^^^^^^^^^^^^^^^^^^^^^^^^^^^^^^^^^^^^^^^^^^^^^^^^^^^
  File "/www/wwwroot/cookbook-server/b8138d1504cef8184f7319b108086c2d_venv/lib/python3.12/site-packages/sqlalchemy/util/_concurrency_py3k.py", line 132, in await_only
    return current.parent.switch(awaitable)  # type: ignore[no-any-return,attr-defined] # noqa: E501
           ^^^^^^^^^^^^^^^^^^^^^^^^^^^^^^^^
  File "/www/wwwroot/cookbook-server/b8138d1504cef8184f7319b108086c2d_venv/lib/python3.12/site-packages/sqlalchemy/util/_concurrency_py3k.py", line 196, in greenlet_spawn
    value = await result
            ^^^^^^^^^^^^
  File "/www/wwwroot/cookbook-server/b8138d1504cef8184f7319b108086c2d_venv/lib/python3.12/site-packages/psycopg/cursor_async.py", line 117, in execute
    raise ex.with_traceback(None)
psycopg.errors.UndefinedTable: relation "dishes" does not exist
LINE 2: FROM dishes 
             ^

The above exception was the direct cause of the following exception:

Traceback (most recent call last):
  File "/www/wwwroot/cookbook-server/b8138d1504cef8184f7319b108086c2d_venv/lib/python3.12/site-packages/uvicorn/protocols/http/httptools_impl.py", line 421, in run_asgi
    result = await app(  # type: ignore[func-returns-value]
             ^^^^^^^^^^^^^^^^^^^^^^^^^^^^^^^^^^^^^^^^^^^^^^
  File "/www/wwwroot/cookbook-server/b8138d1504cef8184f7319b108086c2d_venv/lib/python3.12/site-packages/uvicorn/middleware/proxy_headers.py", line 62, in __call__
    return await self.app(scope, receive, send)
           ^^^^^^^^^^^^^^^^^^^^^^^^^^^^^^^^^^^^
  File "/www/wwwroot/cookbook-server/b8138d1504cef8184f7319b108086c2d_venv/lib/python3.12/site-packages/fastapi/applications.py", line 1162, in __call__
    await super().__call__(scope, receive, send)
  File "/www/wwwroot/cookbook-server/b8138d1504cef8184f7319b108086c2d_venv/lib/python3.12/site-packages/starlette/applications.py", line 90, in __call__
    await self.middleware_stack(scope, receive, send)
  File "/www/wwwroot/cookbook-server/b8138d1504cef8184f7319b108086c2d_venv/lib/python3.12/site-packages/starlette/middleware/errors.py", line 186, in __call__
    raise exc
  File "/www/wwwroot/cookbook-server/b8138d1504cef8184f7319b108086c2d_venv/lib/python3.12/site-packages/starlette/middleware/errors.py", line 164, in __call__
    await self.app(scope, receive, _send)
  File "/www/wwwroot/cookbook-server/b8138d1504cef8184f7319b108086c2d_venv/lib/python3.12/site-packages/starlette/middleware/exceptions.py", line 63, in __call__
    await wrap_app_handling_exceptions(self.app, conn)(scope, receive, send)
  File "/www/wwwroot/cookbook-server/b8138d1504cef8184f7319b108086c2d_venv/lib/python3.12/site-packages/starlette/_exception_handler.py", line 53, in wrapped_app
    raise exc
  File "/www/wwwroot/cookbook-server/b8138d1504cef8184f7319b108086c2d_venv/lib/python3.12/site-packages/starlette/_exception_handler.py", line 42, in wrapped_app
    await app(scope, receive, sender)
  File "/www/wwwroot/cookbook-server/b8138d1504cef8184f7319b108086c2d_venv/lib/python3.12/site-packages/fastapi/middleware/asyncexitstack.py", line 18, in __call__
    await self.app(scope, receive, send)
  File "/www/wwwroot/cookbook-server/b8138d1504cef8184f7319b108086c2d_venv/lib/python3.12/site-packages/starlette/routing.py", line 660, in __call__
    await self.middleware_stack(scope, receive, send)
  File "/www/wwwroot/cookbook-server/b8138d1504cef8184f7319b108086c2d_venv/lib/python3.12/site-packages/starlette/routing.py", line 680, in app
    await route.handle(scope, receive, send)
  File "/www/wwwroot/cookbook-server/b8138d1504cef8184f7319b108086c2d_venv/lib/python3.12/site-packages/fastapi/routing.py", line 1574, in handle
    await self.original_router.handle(scope, receive, send)
  File "/www/wwwroot/cookbook-server/b8138d1504cef8184f7319b108086c2d_venv/lib/python3.12/site-packages/fastapi/routing.py", line 2012, in handle
    await included_router._handle_selected(scope, receive, send)
  File "/www/wwwroot/cookbook-server/b8138d1504cef8184f7319b108086c2d_venv/lib/python3.12/site-packages/fastapi/routing.py", line 1585, in _handle_selected
    await route.handle(scope, receive, send)
  File "/www/wwwroot/cookbook-server/b8138d1504cef8184f7319b108086c2d_venv/lib/python3.12/site-packages/fastapi/routing.py", line 1574, in handle
    await self.original_router.handle(scope, receive, send)
  File "/www/wwwroot/cookbook-server/b8138d1504cef8184f7319b108086c2d_venv/lib/python3.12/site-packages/fastapi/routing.py", line 2012, in handle
    await included_router._handle_selected(scope, receive, send)
  File "/www/wwwroot/cookbook-server/b8138d1504cef8184f7319b108086c2d_venv/lib/python3.12/site-packages/fastapi/routing.py", line 1594, in _handle_selected
    await original_route.handle(scope, receive, send)
  File "/www/wwwroot/cookbook-server/b8138d1504cef8184f7319b108086c2d_venv/lib/python3.12/site-packages/fastapi/routing.py", line 1183, in handle
    await app(scope, receive, send)
  File "/www/wwwroot/cookbook-server/b8138d1504cef8184f7319b108086c2d_venv/lib/python3.12/site-packages/fastapi/routing.py", line 143, in app
    await wrap_app_handling_exceptions(app, request)(scope, receive, send)
  File "/www/wwwroot/cookbook-server/b8138d1504cef8184f7319b108086c2d_venv/lib/python3.12/site-packages/starlette/_exception_handler.py", line 53, in wrapped_app
    raise exc
  File "/www/wwwroot/cookbook-server/b8138d1504cef8184f7319b108086c2d_venv/lib/python3.12/site-packages/starlette/_exception_handler.py", line 42, in wrapped_app
    await app(scope, receive, sender)
  File "/www/wwwroot/cookbook-server/b8138d1504cef8184f7319b108086c2d_venv/lib/python3.12/site-packages/fastapi/routing.py", line 129, in app
    response = await f(request)
               ^^^^^^^^^^^^^^^^
  File "/www/wwwroot/cookbook-server/b8138d1504cef8184f7319b108086c2d_venv/lib/python3.12/site-packages/fastapi/routing.py", line 683, in app
    raw_response = await run_endpoint_function(
                   ^^^^^^^^^^^^^^^^^^^^^^^^^^^^
  File "/www/wwwroot/cookbook-server/b8138d1504cef8184f7319b108086c2d_venv/lib/python3.12/site-packages/fastapi/routing.py", line 337, in run_endpoint_function
    return await dependant.call(**values)
           ^^^^^^^^^^^^^^^^^^^^^^^^^^^^^^
  File "/www/wwwroot/cookbook-server/app/api/v1/recipes.py", line 112, in list_recipes
    dishes, total = await get_dishes(
                    ^^^^^^^^^^^^^^^^^
  File "/www/wwwroot/cookbook-server/app/services/dish.py", line 59, in get_dishes
    total_result = await db.execute(count_base)
                   ^^^^^^^^^^^^^^^^^^^^^^^^^^^^
  File "/www/wwwroot/cookbook-server/b8138d1504cef8184f7319b108086c2d_venv/lib/python3.12/site-packages/sqlalchemy/ext/asyncio/session.py", line 448, in execute
    result = await greenlet_spawn(
             ^^^^^^^^^^^^^^^^^^^^^
  File "/www/wwwroot/cookbook-server/b8138d1504cef8184f7319b108086c2d_venv/lib/python3.12/site-packages/sqlalchemy/util/_concurrency_py3k.py", line 201, in greenlet_spawn
    result = context.throw(*sys.exc_info())
             ^^^^^^^^^^^^^^^^^^^^^^^^^^^^^^
  File "/www/wwwroot/cookbook-server/b8138d1504cef8184f7319b108086c2d_venv/lib/python3.12/site-packages/sqlalchemy/orm/session.py", line 2372, in execute
    return self._execute_internal(
           ^^^^^^^^^^^^^^^^^^^^^^^
  File "/www/wwwroot/cookbook-server/b8138d1504cef8184f7319b108086c2d_venv/lib/python3.12/site-packages/sqlalchemy/orm/session.py", line 2270, in _execute_internal
    result: Result[Any] = compile_state_cls.orm_execute_statement(
                          ^^^^^^^^^^^^^^^^^^^^^^^^^^^^^^^^^^^^^^^^
  File "/www/wwwroot/cookbook-server/b8138d1504cef8184f7319b108086c2d_venv/lib/python3.12/site-packages/sqlalchemy/orm/context.py", line 306, in orm_execute_statement
    result = conn.execute(
             ^^^^^^^^^^^^^
  File "/www/wwwroot/cookbook-server/b8138d1504cef8184f7319b108086c2d_venv/lib/python3.12/site-packages/sqlalchemy/engine/base.py", line 1421, in execute
    return meth(
           ^^^^^
  File "/www/wwwroot/cookbook-server/b8138d1504cef8184f7319b108086c2d_venv/lib/python3.12/site-packages/sqlalchemy/sql/elements.py", line 526, in _execute_on_connection
    return connection._execute_clauseelement(
           ^^^^^^^^^^^^^^^^^^^^^^^^^^^^^^^^^^
  File "/www/wwwroot/cookbook-server/b8138d1504cef8184f7319b108086c2d_venv/lib/python3.12/site-packages/sqlalchemy/engine/base.py", line 1643, in _execute_clauseelement
    ret = self._execute_context(
          ^^^^^^^^^^^^^^^^^^^^^^
  File "/www/wwwroot/cookbook-server/b8138d1504cef8184f7319b108086c2d_venv/lib/python3.12/site-packages/sqlalchemy/engine/base.py", line 1848, in _execute_context
    return self._exec_single_context(
           ^^^^^^^^^^^^^^^^^^^^^^^^^^
  File "/www/wwwroot/cookbook-server/b8138d1504cef8184f7319b108086c2d_venv/lib/python3.12/site-packages/sqlalchemy/engine/base.py", line 1988, in _exec_single_context
    self._handle_dbapi_exception(
  File "/www/wwwroot/cookbook-server/b8138d1504cef8184f7319b108086c2d_venv/lib/python3.12/site-packages/sqlalchemy/engine/base.py", line 2365, in _handle_dbapi_exception
    raise sqlalchemy_exception.with_traceback(exc_info[2]) from e
  File "/www/wwwroot/cookbook-server/b8138d1504cef8184f7319b108086c2d_venv/lib/python3.12/site-packages/sqlalchemy/engine/base.py", line 1969, in _exec_single_context
    self.dialect.do_execute(
  File "/www/wwwroot/cookbook-server/b8138d1504cef8184f7319b108086c2d_venv/lib/python3.12/site-packages/sqlalchemy/engine/default.py", line 952, in do_execute
    cursor.execute(statement, parameters)
  File "/www/wwwroot/cookbook-server/b8138d1504cef8184f7319b108086c2d_venv/lib/python3.12/site-packages/sqlalchemy/dialects/postgresql/psycopg.py", line 642, in execute
    result = self.await_(self._cursor.execute(query, params, **kw))
             ^^^^^^^^^^^^^^^^^^^^^^^^^^^^^^^^^^^^^^^^^^^^^^^^^^^^^^
  File "/www/wwwroot/cookbook-server/b8138d1504cef8184f7319b108086c2d_venv/lib/python3.12/site-packages/sqlalchemy/util/_concurrency_py3k.py", line 132, in await_only
    return current.parent.switch(awaitable)  # type: ignore[no-any-return,attr-defined] # noqa: E501
           ^^^^^^^^^^^^^^^^^^^^^^^^^^^^^^^^
  File "/www/wwwroot/cookbook-server/b8138d1504cef8184f7319b108086c2d_venv/lib/python3.12/site-packages/sqlalchemy/util/_concurrency_py3k.py", line 196, in greenlet_spawn
    value = await result
            ^^^^^^^^^^^^
  File "/www/wwwroot/cookbook-server/b8138d1504cef8184f7319b108086c2d_venv/lib/python3.12/site-packages/psycopg/cursor_async.py", line 117, in execute
    raise ex.with_traceback(None)
sqlalchemy.exc.ProgrammingError: (psycopg.errors.UndefinedTable) relation "dishes" does not exist
LINE 2: FROM dishes 
             ^
[SQL: SELECT count(dishes.id) AS count_1 
FROM dishes 
WHERE dishes.status = %(status_1)s::VARCHAR]
[parameters: {'status_1': 'published'}]
(Background on this error at: https://sqlalche.me/e/20/f405)
ERROR:    Unhandled GET /api/v1/recipes
Traceback (most recent call last):
  File "/www/wwwroot/cookbook-server/b8138d1504cef8184f7319b108086c2d_venv/lib/python3.12/site-packages/sqlalchemy/engine/base.py", line 1969, in _exec_single_context
    self.dialect.do_execute(
  File "/www/wwwroot/cookbook-server/b8138d1504cef8184f7319b108086c2d_venv/lib/python3.12/site-packages/sqlalchemy/engine/default.py", line 952, in do_execute
    cursor.execute(statement, parameters)
  File "/www/wwwroot/cookbook-server/b8138d1504cef8184f7319b108086c2d_venv/lib/python3.12/site-packages/sqlalchemy/dialects/postgresql/psycopg.py", line 642, in execute
    result = self.await_(self._cursor.execute(query, params, **kw))
             ^^^^^^^^^^^^^^^^^^^^^^^^^^^^^^^^^^^^^^^^^^^^^^^^^^^^^^
  File "/www/wwwroot/cookbook-server/b8138d1504cef8184f7319b108086c2d_venv/lib/python3.12/site-packages/sqlalchemy/util/_concurrency_py3k.py", line 132, in await_only
    return current.parent.switch(awaitable)  # type: ignore[no-any-return,attr-defined] # noqa: E501
           ^^^^^^^^^^^^^^^^^^^^^^^^^^^^^^^^
  File "/www/wwwroot/cookbook-server/b8138d1504cef8184f7319b108086c2d_venv/lib/python3.12/site-packages/sqlalchemy/util/_concurrency_py3k.py", line 196, in greenlet_spawn
    value = await result
            ^^^^^^^^^^^^
  File "/www/wwwroot/cookbook-server/b8138d1504cef8184f7319b108086c2d_venv/lib/python3.12/site-packages/psycopg/cursor_async.py", line 117, in execute
    raise ex.with_traceback(None)
psycopg.errors.UndefinedTable: relation "dishes" does not exist
LINE 2: FROM dishes 
             ^

The above exception was the direct cause of the following exception:

Traceback (most recent call last):
  File "/www/wwwroot/cookbook-server/b8138d1504cef8184f7319b108086c2d_venv/lib/python3.12/site-packages/starlette/middleware/errors.py", line 164, in __call__
    await self.app(scope, receive, _send)
  File "/www/wwwroot/cookbook-server/b8138d1504cef8184f7319b108086c2d_venv/lib/python3.12/site-packages/starlette/middleware/exceptions.py", line 63, in __call__
    await wrap_app_handling_exceptions(self.app, conn)(scope, receive, send)
  File "/www/wwwroot/cookbook-server/b8138d1504cef8184f7319b108086c2d_venv/lib/python3.12/site-packages/starlette/_exception_handler.py", line 53, in wrapped_app
    raise exc
  File "/www/wwwroot/cookbook-server/b8138d1504cef8184f7319b108086c2d_venv/lib/python3.12/site-packages/starlette/_exception_handler.py", line 42, in wrapped_app
    await app(scope, receive, sender)
  File "/www/wwwroot/cookbook-server/b8138d1504cef8184f7319b108086c2d_venv/lib/python3.12/site-packages/fastapi/middleware/asyncexitstack.py", line 18, in __call__
    await self.app(scope, receive, send)
  File "/www/wwwroot/cookbook-server/b8138d1504cef8184f7319b108086c2d_venv/lib/python3.12/site-packages/starlette/routing.py", line 660, in __call__
    await self.middleware_stack(scope, receive, send)
  File "/www/wwwroot/cookbook-server/b8138d1504cef8184f7319b108086c2d_venv/lib/python3.12/site-packages/starlette/routing.py", line 680, in app
    await route.handle(scope, receive, send)
  File "/www/wwwroot/cookbook-server/b8138d1504cef8184f7319b108086c2d_venv/lib/python3.12/site-packages/fastapi/routing.py", line 1574, in handle
    await self.original_router.handle(scope, receive, send)
  File "/www/wwwroot/cookbook-server/b8138d1504cef8184f7319b108086c2d_venv/lib/python3.12/site-packages/fastapi/routing.py", line 2012, in handle
    await included_router._handle_selected(scope, receive, send)
  File "/www/wwwroot/cookbook-server/b8138d1504cef8184f7319b108086c2d_venv/lib/python3.12/site-packages/fastapi/routing.py", line 1585, in _handle_selected
    await route.handle(scope, receive, send)
  File "/www/wwwroot/cookbook-server/b8138d1504cef8184f7319b108086c2d_venv/lib/python3.12/site-packages/fastapi/routing.py", line 1574, in handle
    await self.original_router.handle(scope, receive, send)
  File "/www/wwwroot/cookbook-server/b8138d1504cef8184f7319b108086c2d_venv/lib/python3.12/site-packages/fastapi/routing.py", line 2012, in handle
    await included_router._handle_selected(scope, receive, send)
  File "/www/wwwroot/cookbook-server/b8138d1504cef8184f7319b108086c2d_venv/lib/python3.12/site-packages/fastapi/routing.py", line 1594, in _handle_selected
    await original_route.handle(scope, receive, send)
  File "/www/wwwroot/cookbook-server/b8138d1504cef8184f7319b108086c2d_venv/lib/python3.12/site-packages/fastapi/routing.py", line 1183, in handle
    await app(scope, receive, send)
  File "/www/wwwroot/cookbook-server/b8138d1504cef8184f7319b108086c2d_venv/lib/python3.12/site-packages/fastapi/routing.py", line 143, in app
    await wrap_app_handling_exceptions(app, request)(scope, receive, send)
  File "/www/wwwroot/cookbook-server/b8138d1504cef8184f7319b108086c2d_venv/lib/python3.12/site-packages/starlette/_exception_handler.py", line 53, in wrapped_app
    raise exc
  File "/www/wwwroot/cookbook-server/b8138d1504cef8184f7319b108086c2d_venv/lib/python3.12/site-packages/starlette/_exception_handler.py", line 42, in wrapped_app
    await app(scope, receive, sender)
  File "/www/wwwroot/cookbook-server/b8138d1504cef8184f7319b108086c2d_venv/lib/python3.12/site-packages/fastapi/routing.py", line 129, in app
    response = await f(request)
               ^^^^^^^^^^^^^^^^
  File "/www/wwwroot/cookbook-server/b8138d1504cef8184f7319b108086c2d_venv/lib/python3.12/site-packages/fastapi/routing.py", line 683, in app
    raw_response = await run_endpoint_function(
                   ^^^^^^^^^^^^^^^^^^^^^^^^^^^^
  File "/www/wwwroot/cookbook-server/b8138d1504cef8184f7319b108086c2d_venv/lib/python3.12/site-packages/fastapi/routing.py", line 337, in run_endpoint_function
    return await dependant.call(**values)
           ^^^^^^^^^^^^^^^^^^^^^^^^^^^^^^
  File "/www/wwwroot/cookbook-server/app/api/v1/recipes.py", line 112, in list_recipes
    dishes, total = await get_dishes(
                    ^^^^^^^^^^^^^^^^^
  File "/www/wwwroot/cookbook-server/app/services/dish.py", line 59, in get_dishes
    total_result = await db.execute(count_base)
                   ^^^^^^^^^^^^^^^^^^^^^^^^^^^^
  File "/www/wwwroot/cookbook-server/b8138d1504cef8184f7319b108086c2d_venv/lib/python3.12/site-packages/sqlalchemy/ext/asyncio/session.py", line 448, in execute
    result = await greenlet_spawn(
             ^^^^^^^^^^^^^^^^^^^^^
  File "/www/wwwroot/cookbook-server/b8138d1504cef8184f7319b108086c2d_venv/lib/python3.12/site-packages/sqlalchemy/util/_concurrency_py3k.py", line 201, in greenlet_spawn
    result = context.throw(*sys.exc_info())
             ^^^^^^^^^^^^^^^^^^^^^^^^^^^^^^
  File "/www/wwwroot/cookbook-server/b8138d1504cef8184f7319b108086c2d_venv/lib/python3.12/site-packages/sqlalchemy/orm/session.py", line 2372, in execute
    return self._execute_internal(
           ^^^^^^^^^^^^^^^^^^^^^^^
  File "/www/wwwroot/cookbook-server/b8138d1504cef8184f7319b108086c2d_venv/lib/python3.12/site-packages/sqlalchemy/orm/session.py", line 2270, in _execute_internal
    result: Result[Any] = compile_state_cls.orm_execute_statement(
                          ^^^^^^^^^^^^^^^^^^^^^^^^^^^^^^^^^^^^^^^^
  File "/www/wwwroot/cookbook-server/b8138d1504cef8184f7319b108086c2d_venv/lib/python3.12/site-packages/sqlalchemy/orm/context.py", line 306, in orm_execute_statement
    result = conn.execute(
             ^^^^^^^^^^^^^
  File "/www/wwwroot/cookbook-server/b8138d1504cef8184f7319b108086c2d_venv/lib/python3.12/site-packages/sqlalchemy/engine/base.py", line 1421, in execute
    return meth(
           ^^^^^
  File "/www/wwwroot/cookbook-server/b8138d1504cef8184f7319b108086c2d_venv/lib/python3.12/site-packages/sqlalchemy/sql/elements.py", line 526, in _execute_on_connection
    return connection._execute_clauseelement(
           ^^^^^^^^^^^^^^^^^^^^^^^^^^^^^^^^^^
  File "/www/wwwroot/cookbook-server/b8138d1504cef8184f7319b108086c2d_venv/lib/python3.12/site-packages/sqlalchemy/engine/base.py", line 1643, in _execute_clauseelement
    ret = self._execute_context(
          ^^^^^^^^^^^^^^^^^^^^^^
  File "/www/wwwroot/cookbook-server/b8138d1504cef8184f7319b108086c2d_venv/lib/python3.12/site-packages/sqlalchemy/engine/base.py", line 1848, in _execute_context
    return self._exec_single_context(
           ^^^^^^^^^^^^^^^^^^^^^^^^^^
  File "/www/wwwroot/cookbook-server/b8138d1504cef8184f7319b108086c2d_venv/lib/python3.12/site-packages/sqlalchemy/engine/base.py", line 1988, in _exec_single_context
    self._handle_dbapi_exception(
  File "/www/wwwroot/cookbook-server/b8138d1504cef8184f7319b108086c2d_venv/lib/python3.12/site-packages/sqlalchemy/engine/base.py", line 2365, in _handle_dbapi_exception
    raise sqlalchemy_exception.with_traceback(exc_info[2]) from e
  File "/www/wwwroot/cookbook-server/b8138d1504cef8184f7319b108086c2d_venv/lib/python3.12/site-packages/sqlalchemy/engine/base.py", line 1969, in _exec_single_context
    self.dialect.do_execute(
  File "/www/wwwroot/cookbook-server/b8138d1504cef8184f7319b108086c2d_venv/lib/python3.12/site-packages/sqlalchemy/engine/default.py", line 952, in do_execute
    cursor.execute(statement, parameters)
  File "/www/wwwroot/cookbook-server/b8138d1504cef8184f7319b108086c2d_venv/lib/python3.12/site-packages/sqlalchemy/dialects/postgresql/psycopg.py", line 642, in execute
    result = self.await_(self._cursor.execute(query, params, **kw))
             ^^^^^^^^^^^^^^^^^^^^^^^^^^^^^^^^^^^^^^^^^^^^^^^^^^^^^^
  File "/www/wwwroot/cookbook-server/b8138d1504cef8184f7319b108086c2d_venv/lib/python3.12/site-packages/sqlalchemy/util/_concurrency_py3k.py", line 132, in await_only
    return current.parent.switch(awaitable)  # type: ignore[no-any-return,attr-defined] # noqa: E501
           ^^^^^^^^^^^^^^^^^^^^^^^^^^^^^^^^
  File "/www/wwwroot/cookbook-server/b8138d1504cef8184f7319b108086c2d_venv/lib/python3.12/site-packages/sqlalchemy/util/_concurrency_py3k.py", line 196, in greenlet_spawn
    value = await result
            ^^^^^^^^^^^^
  File "/www/wwwroot/cookbook-server/b8138d1504cef8184f7319b108086c2d_venv/lib/python3.12/site-packages/psycopg/cursor_async.py", line 117, in execute
    raise ex.with_traceback(None)
sqlalchemy.exc.ProgrammingError: (psycopg.errors.UndefinedTable) relation "dishes" does not exist
LINE 2: FROM dishes 
             ^
[SQL: SELECT count(dishes.id) AS count_1 
FROM dishes 
WHERE dishes.status = %(status_1)s::VARCHAR]
[parameters: {'status_1': 'published'}]
(Background on this error at: https://sqlalche.me/e/20/f405)
INFO:     14.19.150.236:0 - "GET /api/v1/recipes?page=1&pageSize=10&sort=rating HTTP/1.0" 500 Internal Server Error
ERROR:    Exception in ASGI application
Traceback (most recent call last):
  File "/www/wwwroot/cookbook-server/b8138d1504cef8184f7319b108086c2d_venv/lib/python3.12/site-packages/sqlalchemy/engine/base.py", line 1969, in _exec_single_context
    self.dialect.do_execute(
  File "/www/wwwroot/cookbook-server/b8138d1504cef8184f7319b108086c2d_venv/lib/python3.12/site-packages/sqlalchemy/engine/default.py", line 952, in do_execute
    cursor.execute(statement, parameters)
  File "/www/wwwroot/cookbook-server/b8138d1504cef8184f7319b108086c2d_venv/lib/python3.12/site-packages/sqlalchemy/dialects/postgresql/psycopg.py", line 642, in execute
    result = self.await_(self._cursor.execute(query, params, **kw))
             ^^^^^^^^^^^^^^^^^^^^^^^^^^^^^^^^^^^^^^^^^^^^^^^^^^^^^^
  File "/www/wwwroot/cookbook-server/b8138d1504cef8184f7319b108086c2d_venv/lib/python3.12/site-packages/sqlalchemy/util/_concurrency_py3k.py", line 132, in await_only
    return current.parent.switch(awaitable)  # type: ignore[no-any-return,attr-defined] # noqa: E501
           ^^^^^^^^^^^^^^^^^^^^^^^^^^^^^^^^
  File "/www/wwwroot/cookbook-server/b8138d1504cef8184f7319b108086c2d_venv/lib/python3.12/site-packages/sqlalchemy/util/_concurrency_py3k.py", line 196, in greenlet_spawn
    value = await result
            ^^^^^^^^^^^^
  File "/www/wwwroot/cookbook-server/b8138d1504cef8184f7319b108086c2d_venv/lib/python3.12/site-packages/psycopg/cursor_async.py", line 117, in execute
    raise ex.with_traceback(None)
psycopg.errors.UndefinedTable: relation "dishes" does not exist
LINE 2: FROM dishes 
             ^

The above exception was the direct cause of the following exception:

Traceback (most recent call last):
  File "/www/wwwroot/cookbook-server/b8138d1504cef8184f7319b108086c2d_venv/lib/python3.12/site-packages/uvicorn/protocols/http/httptools_impl.py", line 421, in run_asgi
    result = await app(  # type: ignore[func-returns-value]
             ^^^^^^^^^^^^^^^^^^^^^^^^^^^^^^^^^^^^^^^^^^^^^^
  File "/www/wwwroot/cookbook-server/b8138d1504cef8184f7319b108086c2d_venv/lib/python3.12/site-packages/uvicorn/middleware/proxy_headers.py", line 62, in __call__
    return await self.app(scope, receive, send)
           ^^^^^^^^^^^^^^^^^^^^^^^^^^^^^^^^^^^^
  File "/www/wwwroot/cookbook-server/b8138d1504cef8184f7319b108086c2d_venv/lib/python3.12/site-packages/fastapi/applications.py", line 1162, in __call__
    await super().__call__(scope, receive, send)
  File "/www/wwwroot/cookbook-server/b8138d1504cef8184f7319b108086c2d_venv/lib/python3.12/site-packages/starlette/applications.py", line 90, in __call__
    await self.middleware_stack(scope, receive, send)
  File "/www/wwwroot/cookbook-server/b8138d1504cef8184f7319b108086c2d_venv/lib/python3.12/site-packages/starlette/middleware/errors.py", line 186, in __call__
    raise exc
  File "/www/wwwroot/cookbook-server/b8138d1504cef8184f7319b108086c2d_venv/lib/python3.12/site-packages/starlette/middleware/errors.py", line 164, in __call__
    await self.app(scope, receive, _send)
  File "/www/wwwroot/cookbook-server/b8138d1504cef8184f7319b108086c2d_venv/lib/python3.12/site-packages/starlette/middleware/exceptions.py", line 63, in __call__
    await wrap_app_handling_exceptions(self.app, conn)(scope, receive, send)
  File "/www/wwwroot/cookbook-server/b8138d1504cef8184f7319b108086c2d_venv/lib/python3.12/site-packages/starlette/_exception_handler.py", line 53, in wrapped_app
    raise exc
  File "/www/wwwroot/cookbook-server/b8138d1504cef8184f7319b108086c2d_venv/lib/python3.12/site-packages/starlette/_exception_handler.py", line 42, in wrapped_app
    await app(scope, receive, sender)
  File "/www/wwwroot/cookbook-server/b8138d1504cef8184f7319b108086c2d_venv/lib/python3.12/site-packages/fastapi/middleware/asyncexitstack.py", line 18, in __call__
    await self.app(scope, receive, send)
  File "/www/wwwroot/cookbook-server/b8138d1504cef8184f7319b108086c2d_venv/lib/python3.12/site-packages/starlette/routing.py", line 660, in __call__
    await self.middleware_stack(scope, receive, send)
  File "/www/wwwroot/cookbook-server/b8138d1504cef8184f7319b108086c2d_venv/lib/python3.12/site-packages/starlette/routing.py", line 680, in app
    await route.handle(scope, receive, send)
  File "/www/wwwroot/cookbook-server/b8138d1504cef8184f7319b108086c2d_venv/lib/python3.12/site-packages/fastapi/routing.py", line 1574, in handle
    await self.original_router.handle(scope, receive, send)
  File "/www/wwwroot/cookbook-server/b8138d1504cef8184f7319b108086c2d_venv/lib/python3.12/site-packages/fastapi/routing.py", line 2012, in handle
    await included_router._handle_selected(scope, receive, send)
  File "/www/wwwroot/cookbook-server/b8138d1504cef8184f7319b108086c2d_venv/lib/python3.12/site-packages/fastapi/routing.py", line 1585, in _handle_selected
    await route.handle(scope, receive, send)
  File "/www/wwwroot/cookbook-server/b8138d1504cef8184f7319b108086c2d_venv/lib/python3.12/site-packages/fastapi/routing.py", line 1574, in handle
    await self.original_router.handle(scope, receive, send)
  File "/www/wwwroot/cookbook-server/b8138d1504cef8184f7319b108086c2d_venv/lib/python3.12/site-packages/fastapi/routing.py", line 2012, in handle
    await included_router._handle_selected(scope, receive, send)
  File "/www/wwwroot/cookbook-server/b8138d1504cef8184f7319b108086c2d_venv/lib/python3.12/site-packages/fastapi/routing.py", line 1594, in _handle_selected
    await original_route.handle(scope, receive, send)
  File "/www/wwwroot/cookbook-server/b8138d1504cef8184f7319b108086c2d_venv/lib/python3.12/site-packages/fastapi/routing.py", line 1183, in handle
    await app(scope, receive, send)
  File "/www/wwwroot/cookbook-server/b8138d1504cef8184f7319b108086c2d_venv/lib/python3.12/site-packages/fastapi/routing.py", line 143, in app
    await wrap_app_handling_exceptions(app, request)(scope, receive, send)
  File "/www/wwwroot/cookbook-server/b8138d1504cef8184f7319b108086c2d_venv/lib/python3.12/site-packages/starlette/_exception_handler.py", line 53, in wrapped_app
    raise exc
  File "/www/wwwroot/cookbook-server/b8138d1504cef8184f7319b108086c2d_venv/lib/python3.12/site-packages/starlette/_exception_handler.py", line 42, in wrapped_app
    await app(scope, receive, sender)
  File "/www/wwwroot/cookbook-server/b8138d1504cef8184f7319b108086c2d_venv/lib/python3.12/site-packages/fastapi/routing.py", line 129, in app
    response = await f(request)
               ^^^^^^^^^^^^^^^^
  File "/www/wwwroot/cookbook-server/b8138d1504cef8184f7319b108086c2d_venv/lib/python3.12/site-packages/fastapi/routing.py", line 683, in app
    raw_response = await run_endpoint_function(
                   ^^^^^^^^^^^^^^^^^^^^^^^^^^^^
  File "/www/wwwroot/cookbook-server/b8138d1504cef8184f7319b108086c2d_venv/lib/python3.12/site-packages/fastapi/routing.py", line 337, in run_endpoint_function
    return await dependant.call(**values)
           ^^^^^^^^^^^^^^^^^^^^^^^^^^^^^^
  File "/www/wwwroot/cookbook-server/app/api/v1/recipes.py", line 112, in list_recipes
    dishes, total = await get_dishes(
                    ^^^^^^^^^^^^^^^^^
  File "/www/wwwroot/cookbook-server/app/services/dish.py", line 59, in get_dishes
    total_result = await db.execute(count_base)
                   ^^^^^^^^^^^^^^^^^^^^^^^^^^^^
  File "/www/wwwroot/cookbook-server/b8138d1504cef8184f7319b108086c2d_venv/lib/python3.12/site-packages/sqlalchemy/ext/asyncio/session.py", line 448, in execute
    result = await greenlet_spawn(
             ^^^^^^^^^^^^^^^^^^^^^
  File "/www/wwwroot/cookbook-server/b8138d1504cef8184f7319b108086c2d_venv/lib/python3.12/site-packages/sqlalchemy/util/_concurrency_py3k.py", line 201, in greenlet_spawn
    result = context.throw(*sys.exc_info())
             ^^^^^^^^^^^^^^^^^^^^^^^^^^^^^^
  File "/www/wwwroot/cookbook-server/b8138d1504cef8184f7319b108086c2d_venv/lib/python3.12/site-packages/sqlalchemy/orm/session.py", line 2372, in execute
    return self._execute_internal(
           ^^^^^^^^^^^^^^^^^^^^^^^
  File "/www/wwwroot/cookbook-server/b8138d1504cef8184f7319b108086c2d_venv/lib/python3.12/site-packages/sqlalchemy/orm/session.py", line 2270, in _execute_internal
    result: Result[Any] = compile_state_cls.orm_execute_statement(
                          ^^^^^^^^^^^^^^^^^^^^^^^^^^^^^^^^^^^^^^^^
  File "/www/wwwroot/cookbook-server/b8138d1504cef8184f7319b108086c2d_venv/lib/python3.12/site-packages/sqlalchemy/orm/context.py", line 306, in orm_execute_statement
    result = conn.execute(
             ^^^^^^^^^^^^^
  File "/www/wwwroot/cookbook-server/b8138d1504cef8184f7319b108086c2d_venv/lib/python3.12/site-packages/sqlalchemy/engine/base.py", line 1421, in execute
    return meth(
           ^^^^^
  File "/www/wwwroot/cookbook-server/b8138d1504cef8184f7319b108086c2d_venv/lib/python3.12/site-packages/sqlalchemy/sql/elements.py", line 526, in _execute_on_connection
    return connection._execute_clauseelement(
           ^^^^^^^^^^^^^^^^^^^^^^^^^^^^^^^^^^
  File "/www/wwwroot/cookbook-server/b8138d1504cef8184f7319b108086c2d_venv/lib/python3.12/site-packages/sqlalchemy/engine/base.py", line 1643, in _execute_clauseelement
    ret = self._execute_context(
          ^^^^^^^^^^^^^^^^^^^^^^
  File "/www/wwwroot/cookbook-server/b8138d1504cef8184f7319b108086c2d_venv/lib/python3.12/site-packages/sqlalchemy/engine/base.py", line 1848, in _execute_context
    return self._exec_single_context(
           ^^^^^^^^^^^^^^^^^^^^^^^^^^
  File "/www/wwwroot/cookbook-server/b8138d1504cef8184f7319b108086c2d_venv/lib/python3.12/site-packages/sqlalchemy/engine/base.py", line 1988, in _exec_single_context
    self._handle_dbapi_exception(
  File "/www/wwwroot/cookbook-server/b8138d1504cef8184f7319b108086c2d_venv/lib/python3.12/site-packages/sqlalchemy/engine/base.py", line 2365, in _handle_dbapi_exception
    raise sqlalchemy_exception.with_traceback(exc_info[2]) from e
  File "/www/wwwroot/cookbook-server/b8138d1504cef8184f7319b108086c2d_venv/lib/python3.12/site-packages/sqlalchemy/engine/base.py", line 1969, in _exec_single_context
    self.dialect.do_execute(
  File "/www/wwwroot/cookbook-server/b8138d1504cef8184f7319b108086c2d_venv/lib/python3.12/site-packages/sqlalchemy/engine/default.py", line 952, in do_execute
    cursor.execute(statement, parameters)
  File "/www/wwwroot/cookbook-server/b8138d1504cef8184f7319b108086c2d_venv/lib/python3.12/site-packages/sqlalchemy/dialects/postgresql/psycopg.py", line 642, in execute
    result = self.await_(self._cursor.execute(query, params, **kw))
             ^^^^^^^^^^^^^^^^^^^^^^^^^^^^^^^^^^^^^^^^^^^^^^^^^^^^^^
  File "/www/wwwroot/cookbook-server/b8138d1504cef8184f7319b108086c2d_venv/lib/python3.12/site-packages/sqlalchemy/util/_concurrency_py3k.py", line 132, in await_only
    return current.parent.switch(awaitable)  # type: ignore[no-any-return,attr-defined] # noqa: E501
           ^^^^^^^^^^^^^^^^^^^^^^^^^^^^^^^^
  File "/www/wwwroot/cookbook-server/b8138d1504cef8184f7319b108086c2d_venv/lib/python3.12/site-packages/sqlalchemy/util/_concurrency_py3k.py", line 196, in greenlet_spawn
    value = await result
            ^^^^^^^^^^^^
  File "/www/wwwroot/cookbook-server/b8138d1504cef8184f7319b108086c2d_venv/lib/python3.12/site-packages/psycopg/cursor_async.py", line 117, in execute
    raise ex.with_traceback(None)
sqlalchemy.exc.ProgrammingError: (psycopg.errors.UndefinedTable) relation "dishes" does not exist
LINE 2: FROM dishes 
             ^
[SQL: SELECT count(dishes.id) AS count_1 
FROM dishes 
WHERE dishes.status = %(status_1)s::VARCHAR]
[parameters: {'status_1': 'published'}]
(Background on this error at: https://sqlalche.me/e/20/f405)
ERROR:    Unhandled GET /api/v1/recipes
Traceback (most recent call last):
  File "/www/wwwroot/cookbook-server/b8138d1504cef8184f7319b108086c2d_venv/lib/python3.12/site-packages/sqlalchemy/engine/base.py", line 1969, in _exec_single_context
    self.dialect.do_execute(
  File "/www/wwwroot/cookbook-server/b8138d1504cef8184f7319b108086c2d_venv/lib/python3.12/site-packages/sqlalchemy/engine/default.py", line 952, in do_execute
    cursor.execute(statement, parameters)
  File "/www/wwwroot/cookbook-server/b8138d1504cef8184f7319b108086c2d_venv/lib/python3.12/site-packages/sqlalchemy/dialects/postgresql/psycopg.py", line 642, in execute
    result = self.await_(self._cursor.execute(query, params, **kw))
             ^^^^^^^^^^^^^^^^^^^^^^^^^^^^^^^^^^^^^^^^^^^^^^^^^^^^^^
  File "/www/wwwroot/cookbook-server/b8138d1504cef8184f7319b108086c2d_venv/lib/python3.12/site-packages/sqlalchemy/util/_concurrency_py3k.py", line 132, in await_only
    return current.parent.switch(awaitable)  # type: ignore[no-any-return,attr-defined] # noqa: E501
           ^^^^^^^^^^^^^^^^^^^^^^^^^^^^^^^^
  File "/www/wwwroot/cookbook-server/b8138d1504cef8184f7319b108086c2d_venv/lib/python3.12/site-packages/sqlalchemy/util/_concurrency_py3k.py", line 196, in greenlet_spawn
    value = await result
            ^^^^^^^^^^^^
  File "/www/wwwroot/cookbook-server/b8138d1504cef8184f7319b108086c2d_venv/lib/python3.12/site-packages/psycopg/cursor_async.py", line 117, in execute
    raise ex.with_traceback(None)
psycopg.errors.UndefinedTable: relation "dishes" does not exist
LINE 2: FROM dishes 
             ^

The above exception was the direct cause of the following exception:

Traceback (most recent call last):
  File "/www/wwwroot/cookbook-server/b8138d1504cef8184f7319b108086c2d_venv/lib/python3.12/site-packages/starlette/middleware/errors.py", line 164, in __call__
    await self.app(scope, receive, _send)
  File "/www/wwwroot/cookbook-server/b8138d1504cef8184f7319b108086c2d_venv/lib/python3.12/site-packages/starlette/middleware/exceptions.py", line 63, in __call__
    await wrap_app_handling_exceptions(self.app, conn)(scope, receive, send)
  File "/www/wwwroot/cookbook-server/b8138d1504cef8184f7319b108086c2d_venv/lib/python3.12/site-packages/starlette/_exception_handler.py", line 53, in wrapped_app
    raise exc
  File "/www/wwwroot/cookbook-server/b8138d1504cef8184f7319b108086c2d_venv/lib/python3.12/site-packages/starlette/_exception_handler.py", line 42, in wrapped_app
    await app(scope, receive, sender)
  File "/www/wwwroot/cookbook-server/b8138d1504cef8184f7319b108086c2d_venv/lib/python3.12/site-packages/fastapi/middleware/asyncexitstack.py", line 18, in __call__
    await self.app(scope, receive, send)
  File "/www/wwwroot/cookbook-server/b8138d1504cef8184f7319b108086c2d_venv/lib/python3.12/site-packages/starlette/routing.py", line 660, in __call__
    await self.middleware_stack(scope, receive, send)
  File "/www/wwwroot/cookbook-server/b8138d1504cef8184f7319b108086c2d_venv/lib/python3.12/site-packages/starlette/routing.py", line 680, in app
    await route.handle(scope, receive, send)
  File "/www/wwwroot/cookbook-server/b8138d1504cef8184f7319b108086c2d_venv/lib/python3.12/site-packages/fastapi/routing.py", line 1574, in handle
    await self.original_router.handle(scope, receive, send)
  File "/www/wwwroot/cookbook-server/b8138d1504cef8184f7319b108086c2d_venv/lib/python3.12/site-packages/fastapi/routing.py", line 2012, in handle
    await included_router._handle_selected(scope, receive, send)
  File "/www/wwwroot/cookbook-server/b8138d1504cef8184f7319b108086c2d_venv/lib/python3.12/site-packages/fastapi/routing.py", line 1585, in _handle_selected
    await route.handle(scope, receive, send)
  File "/www/wwwroot/cookbook-server/b8138d1504cef8184f7319b108086c2d_venv/lib/python3.12/site-packages/fastapi/routing.py", line 1574, in handle
    await self.original_router.handle(scope, receive, send)
  File "/www/wwwroot/cookbook-server/b8138d1504cef8184f7319b108086c2d_venv/lib/python3.12/site-packages/fastapi/routing.py", line 2012, in handle
    await included_router._handle_selected(scope, receive, send)
  File "/www/wwwroot/cookbook-server/b8138d1504cef8184f7319b108086c2d_venv/lib/python3.12/site-packages/fastapi/routing.py", line 1594, in _handle_selected
    await original_route.handle(scope, receive, send)
  File "/www/wwwroot/cookbook-server/b8138d1504cef8184f7319b108086c2d_venv/lib/python3.12/site-packages/fastapi/routing.py", line 1183, in handle
    await app(scope, receive, send)
  File "/www/wwwroot/cookbook-server/b8138d1504cef8184f7319b108086c2d_venv/lib/python3.12/site-packages/fastapi/routing.py", line 143, in app
    await wrap_app_handling_exceptions(app, request)(scope, receive, send)
  File "/www/wwwroot/cookbook-server/b8138d1504cef8184f7319b108086c2d_venv/lib/python3.12/site-packages/starlette/_exception_handler.py", line 53, in wrapped_app
    raise exc
  File "/www/wwwroot/cookbook-server/b8138d1504cef8184f7319b108086c2d_venv/lib/python3.12/site-packages/starlette/_exception_handler.py", line 42, in wrapped_app
    await app(scope, receive, sender)
  File "/www/wwwroot/cookbook-server/b8138d1504cef8184f7319b108086c2d_venv/lib/python3.12/site-packages/fastapi/routing.py", line 129, in app
    response = await f(request)
               ^^^^^^^^^^^^^^^^
  File "/www/wwwroot/cookbook-server/b8138d1504cef8184f7319b108086c2d_venv/lib/python3.12/site-packages/fastapi/routing.py", line 683, in app
    raw_response = await run_endpoint_function(
                   ^^^^^^^^^^^^^^^^^^^^^^^^^^^^
  File "/www/wwwroot/cookbook-server/b8138d1504cef8184f7319b108086c2d_venv/lib/python3.12/site-packages/fastapi/routing.py", line 337, in run_endpoint_function
    return await dependant.call(**values)
           ^^^^^^^^^^^^^^^^^^^^^^^^^^^^^^
  File "/www/wwwroot/cookbook-server/app/api/v1/recipes.py", line 112, in list_recipes
    dishes, total = await get_dishes(
                    ^^^^^^^^^^^^^^^^^
  File "/www/wwwroot/cookbook-server/app/services/dish.py", line 59, in get_dishes
    total_result = await db.execute(count_base)
                   ^^^^^^^^^^^^^^^^^^^^^^^^^^^^
  File "/www/wwwroot/cookbook-server/b8138d1504cef8184f7319b108086c2d_venv/lib/python3.12/site-packages/sqlalchemy/ext/asyncio/session.py", line 448, in execute
    result = await greenlet_spawn(
             ^^^^^^^^^^^^^^^^^^^^^
  File "/www/wwwroot/cookbook-server/b8138d1504cef8184f7319b108086c2d_venv/lib/python3.12/site-packages/sqlalchemy/util/_concurrency_py3k.py", line 201, in greenlet_spawn
    result = context.throw(*sys.exc_info())
             ^^^^^^^^^^^^^^^^^^^^^^^^^^^^^^
  File "/www/wwwroot/cookbook-server/b8138d1504cef8184f7319b108086c2d_venv/lib/python3.12/site-packages/sqlalchemy/orm/session.py", line 2372, in execute
    return self._execute_internal(
           ^^^^^^^^^^^^^^^^^^^^^^^
  File "/www/wwwroot/cookbook-server/b8138d1504cef8184f7319b108086c2d_venv/lib/python3.12/site-packages/sqlalchemy/orm/session.py", line 2270, in _execute_internal
    result: Result[Any] = compile_state_cls.orm_execute_statement(
                          ^^^^^^^^^^^^^^^^^^^^^^^^^^^^^^^^^^^^^^^^
  File "/www/wwwroot/cookbook-server/b8138d1504cef8184f7319b108086c2d_venv/lib/python3.12/site-packages/sqlalchemy/orm/context.py", line 306, in orm_execute_statement
    result = conn.execute(
             ^^^^^^^^^^^^^
  File "/www/wwwroot/cookbook-server/b8138d1504cef8184f7319b108086c2d_venv/lib/python3.12/site-packages/sqlalchemy/engine/base.py", line 1421, in execute
    return meth(
           ^^^^^
  File "/www/wwwroot/cookbook-server/b8138d1504cef8184f7319b108086c2d_venv/lib/python3.12/site-packages/sqlalchemy/sql/elements.py", line 526, in _execute_on_connection
    return connection._execute_clauseelement(
           ^^^^^^^^^^^^^^^^^^^^^^^^^^^^^^^^^^
  File "/www/wwwroot/cookbook-server/b8138d1504cef8184f7319b108086c2d_venv/lib/python3.12/site-packages/sqlalchemy/engine/base.py", line 1643, in _execute_clauseelement
    ret = self._execute_context(
          ^^^^^^^^^^^^^^^^^^^^^^
  File "/www/wwwroot/cookbook-server/b8138d1504cef8184f7319b108086c2d_venv/lib/python3.12/site-packages/sqlalchemy/engine/base.py", line 1848, in _execute_context
    return self._exec_single_context(
           ^^^^^^^^^^^^^^^^^^^^^^^^^^
  File "/www/wwwroot/cookbook-server/b8138d1504cef8184f7319b108086c2d_venv/lib/python3.12/site-packages/sqlalchemy/engine/base.py", line 1988, in _exec_single_context
    self._handle_dbapi_exception(
  File "/www/wwwroot/cookbook-server/b8138d1504cef8184f7319b108086c2d_venv/lib/python3.12/site-packages/sqlalchemy/engine/base.py", line 2365, in _handle_dbapi_exception
    raise sqlalchemy_exception.with_traceback(exc_info[2]) from e
  File "/www/wwwroot/cookbook-server/b8138d1504cef8184f7319b108086c2d_venv/lib/python3.12/site-packages/sqlalchemy/engine/base.py", line 1969, in _exec_single_context
    self.dialect.do_execute(
  File "/www/wwwroot/cookbook-server/b8138d1504cef8184f7319b108086c2d_venv/lib/python3.12/site-packages/sqlalchemy/engine/default.py", line 952, in do_execute
    cursor.execute(statement, parameters)
  File "/www/wwwroot/cookbook-server/b8138d1504cef8184f7319b108086c2d_venv/lib/python3.12/site-packages/sqlalchemy/dialects/postgresql/psycopg.py", line 642, in execute
    result = self.await_(self._cursor.execute(query, params, **kw))
             ^^^^^^^^^^^^^^^^^^^^^^^^^^^^^^^^^^^^^^^^^^^^^^^^^^^^^^
  File "/www/wwwroot/cookbook-server/b8138d1504cef8184f7319b108086c2d_venv/lib/python3.12/site-packages/sqlalchemy/util/_concurrency_py3k.py", line 132, in await_only
    return current.parent.switch(awaitable)  # type: ignore[no-any-return,attr-defined] # noqa: E501
           ^^^^^^^^^^^^^^^^^^^^^^^^^^^^^^^^
  File "/www/wwwroot/cookbook-server/b8138d1504cef8184f7319b108086c2d_venv/lib/python3.12/site-packages/sqlalchemy/util/_concurrency_py3k.py", line 196, in greenlet_spawn
    value = await result
            ^^^^^^^^^^^^
  File "/www/wwwroot/cookbook-server/b8138d1504cef8184f7319b108086c2d_venv/lib/python3.12/site-packages/psycopg/cursor_async.py", line 117, in execute
    raise ex.with_traceback(None)
sqlalchemy.exc.ProgrammingError: (psycopg.errors.UndefinedTable) relation "dishes" does not exist
LINE 2: FROM dishes 
             ^
[SQL: SELECT count(dishes.id) AS count_1 
FROM dishes 
WHERE dishes.status = %(status_1)s::VARCHAR]
[parameters: {'status_1': 'published'}]
(Background on this error at: https://sqlalche.me/e/20/f405)
INFO:     14.19.150.236:0 - "GET /api/v1/recipes?page=1&pageSize=10&sort=rating HTTP/1.0" 500 Internal Server Error
ERROR:    Exception in ASGI application
Traceback (most recent call last):
  File "/www/wwwroot/cookbook-server/b8138d1504cef8184f7319b108086c2d_venv/lib/python3.12/site-packages/sqlalchemy/engine/base.py", line 1969, in _exec_single_context
    self.dialect.do_execute(
  File "/www/wwwroot/cookbook-server/b8138d1504cef8184f7319b108086c2d_venv/lib/python3.12/site-packages/sqlalchemy/engine/default.py", line 952, in do_execute
    cursor.execute(statement, parameters)
  File "/www/wwwroot/cookbook-server/b8138d1504cef8184f7319b108086c2d_venv/lib/python3.12/site-packages/sqlalchemy/dialects/postgresql/psycopg.py", line 642, in execute
    result = self.await_(self._cursor.execute(query, params, **kw))
             ^^^^^^^^^^^^^^^^^^^^^^^^^^^^^^^^^^^^^^^^^^^^^^^^^^^^^^
  File "/www/wwwroot/cookbook-server/b8138d1504cef8184f7319b108086c2d_venv/lib/python3.12/site-packages/sqlalchemy/util/_concurrency_py3k.py", line 132, in await_only
    return current.parent.switch(awaitable)  # type: ignore[no-any-return,attr-defined] # noqa: E501
           ^^^^^^^^^^^^^^^^^^^^^^^^^^^^^^^^
  File "/www/wwwroot/cookbook-server/b8138d1504cef8184f7319b108086c2d_venv/lib/python3.12/site-packages/sqlalchemy/util/_concurrency_py3k.py", line 196, in greenlet_spawn
    value = await result
            ^^^^^^^^^^^^
  File "/www/wwwroot/cookbook-server/b8138d1504cef8184f7319b108086c2d_venv/lib/python3.12/site-packages/psycopg/cursor_async.py", line 117, in execute
    raise ex.with_traceback(None)
psycopg.errors.UndefinedTable: relation "dishes" does not exist
LINE 2: FROM dishes 
             ^

The above exception was the direct cause of the following exception:

Traceback (most recent call last):
  File "/www/wwwroot/cookbook-server/b8138d1504cef8184f7319b108086c2d_venv/lib/python3.12/site-packages/uvicorn/protocols/http/httptools_impl.py", line 421, in run_asgi
    result = await app(  # type: ignore[func-returns-value]
             ^^^^^^^^^^^^^^^^^^^^^^^^^^^^^^^^^^^^^^^^^^^^^^
  File "/www/wwwroot/cookbook-server/b8138d1504cef8184f7319b108086c2d_venv/lib/python3.12/site-packages/uvicorn/middleware/proxy_headers.py", line 62, in __call__
    return await self.app(scope, receive, send)
           ^^^^^^^^^^^^^^^^^^^^^^^^^^^^^^^^^^^^
  File "/www/wwwroot/cookbook-server/b8138d1504cef8184f7319b108086c2d_venv/lib/python3.12/site-packages/fastapi/applications.py", line 1162, in __call__
    await super().__call__(scope, receive, send)
  File "/www/wwwroot/cookbook-server/b8138d1504cef8184f7319b108086c2d_venv/lib/python3.12/site-packages/starlette/applications.py", line 90, in __call__
    await self.middleware_stack(scope, receive, send)
  File "/www/wwwroot/cookbook-server/b8138d1504cef8184f7319b108086c2d_venv/lib/python3.12/site-packages/starlette/middleware/errors.py", line 186, in __call__
    raise exc
  File "/www/wwwroot/cookbook-server/b8138d1504cef8184f7319b108086c2d_venv/lib/python3.12/site-packages/starlette/middleware/errors.py", line 164, in __call__
    await self.app(scope, receive, _send)
  File "/www/wwwroot/cookbook-server/b8138d1504cef8184f7319b108086c2d_venv/lib/python3.12/site-packages/starlette/middleware/exceptions.py", line 63, in __call__
    await wrap_app_handling_exceptions(self.app, conn)(scope, receive, send)
  File "/www/wwwroot/cookbook-server/b8138d1504cef8184f7319b108086c2d_venv/lib/python3.12/site-packages/starlette/_exception_handler.py", line 53, in wrapped_app
    raise exc
  File "/www/wwwroot/cookbook-server/b8138d1504cef8184f7319b108086c2d_venv/lib/python3.12/site-packages/starlette/_exception_handler.py", line 42, in wrapped_app
    await app(scope, receive, sender)
  File "/www/wwwroot/cookbook-server/b8138d1504cef8184f7319b108086c2d_venv/lib/python3.12/site-packages/fastapi/middleware/asyncexitstack.py", line 18, in __call__
    await self.app(scope, receive, send)
  File "/www/wwwroot/cookbook-server/b8138d1504cef8184f7319b108086c2d_venv/lib/python3.12/site-packages/starlette/routing.py", line 660, in __call__
    await self.middleware_stack(scope, receive, send)
  File "/www/wwwroot/cookbook-server/b8138d1504cef8184f7319b108086c2d_venv/lib/python3.12/site-packages/starlette/routing.py", line 680, in app
    await route.handle(scope, receive, send)
  File "/www/wwwroot/cookbook-server/b8138d1504cef8184f7319b108086c2d_venv/lib/python3.12/site-packages/fastapi/routing.py", line 1574, in handle
    await self.original_router.handle(scope, receive, send)
  File "/www/wwwroot/cookbook-server/b8138d1504cef8184f7319b108086c2d_venv/lib/python3.12/site-packages/fastapi/routing.py", line 2012, in handle
    await included_router._handle_selected(scope, receive, send)
  File "/www/wwwroot/cookbook-server/b8138d1504cef8184f7319b108086c2d_venv/lib/python3.12/site-packages/fastapi/routing.py", line 1585, in _handle_selected
    await route.handle(scope, receive, send)
  File "/www/wwwroot/cookbook-server/b8138d1504cef8184f7319b108086c2d_venv/lib/python3.12/site-packages/fastapi/routing.py", line 1574, in handle
    await self.original_router.handle(scope, receive, send)
  File "/www/wwwroot/cookbook-server/b8138d1504cef8184f7319b108086c2d_venv/lib/python3.12/site-packages/fastapi/routing.py", line 2012, in handle
    await included_router._handle_selected(scope, receive, send)
  File "/www/wwwroot/cookbook-server/b8138d1504cef8184f7319b108086c2d_venv/lib/python3.12/site-packages/fastapi/routing.py", line 1594, in _handle_selected
    await original_route.handle(scope, receive, send)
  File "/www/wwwroot/cookbook-server/b8138d1504cef8184f7319b108086c2d_venv/lib/python3.12/site-packages/fastapi/routing.py", line 1183, in handle
    await app(scope, receive, send)
  File "/www/wwwroot/cookbook-server/b8138d1504cef8184f7319b108086c2d_venv/lib/python3.12/site-packages/fastapi/routing.py", line 143, in app
    await wrap_app_handling_exceptions(app, request)(scope, receive, send)
  File "/www/wwwroot/cookbook-server/b8138d1504cef8184f7319b108086c2d_venv/lib/python3.12/site-packages/starlette/_exception_handler.py", line 53, in wrapped_app
    raise exc
  File "/www/wwwroot/cookbook-server/b8138d1504cef8184f7319b108086c2d_venv/lib/python3.12/site-packages/starlette/_exception_handler.py", line 42, in wrapped_app
    await app(scope, receive, sender)
  File "/www/wwwroot/cookbook-server/b8138d1504cef8184f7319b108086c2d_venv/lib/python3.12/site-packages/fastapi/routing.py", line 129, in app
    response = await f(request)
               ^^^^^^^^^^^^^^^^
  File "/www/wwwroot/cookbook-server/b8138d1504cef8184f7319b108086c2d_venv/lib/python3.12/site-packages/fastapi/routing.py", line 683, in app
    raw_response = await run_endpoint_function(
                   ^^^^^^^^^^^^^^^^^^^^^^^^^^^^
  File "/www/wwwroot/cookbook-server/b8138d1504cef8184f7319b108086c2d_venv/lib/python3.12/site-packages/fastapi/routing.py", line 337, in run_endpoint_function
    return await dependant.call(**values)
           ^^^^^^^^^^^^^^^^^^^^^^^^^^^^^^
  File "/www/wwwroot/cookbook-server/app/api/v1/recipes.py", line 112, in list_recipes
    dishes, total = await get_dishes(
                    ^^^^^^^^^^^^^^^^^
  File "/www/wwwroot/cookbook-server/app/services/dish.py", line 59, in get_dishes
    total_result = await db.execute(count_base)
                   ^^^^^^^^^^^^^^^^^^^^^^^^^^^^
  File "/www/wwwroot/cookbook-server/b8138d1504cef8184f7319b108086c2d_venv/lib/python3.12/site-packages/sqlalchemy/ext/asyncio/session.py", line 448, in execute
    result = await greenlet_spawn(
             ^^^^^^^^^^^^^^^^^^^^^
  File "/www/wwwroot/cookbook-server/b8138d1504cef8184f7319b108086c2d_venv/lib/python3.12/site-packages/sqlalchemy/util/_concurrency_py3k.py", line 201, in greenlet_spawn
    result = context.throw(*sys.exc_info())
             ^^^^^^^^^^^^^^^^^^^^^^^^^^^^^^
  File "/www/wwwroot/cookbook-server/b8138d1504cef8184f7319b108086c2d_venv/lib/python3.12/site-packages/sqlalchemy/orm/session.py", line 2372, in execute
    return self._execute_internal(
           ^^^^^^^^^^^^^^^^^^^^^^^
  File "/www/wwwroot/cookbook-server/b8138d1504cef8184f7319b108086c2d_venv/lib/python3.12/site-packages/sqlalchemy/orm/session.py", line 2270, in _execute_internal
    result: Result[Any] = compile_state_cls.orm_execute_statement(
                          ^^^^^^^^^^^^^^^^^^^^^^^^^^^^^^^^^^^^^^^^
  File "/www/wwwroot/cookbook-server/b8138d1504cef8184f7319b108086c2d_venv/lib/python3.12/site-packages/sqlalchemy/orm/context.py", line 306, in orm_execute_statement
    result = conn.execute(
             ^^^^^^^^^^^^^
  File "/www/wwwroot/cookbook-server/b8138d1504cef8184f7319b108086c2d_venv/lib/python3.12/site-packages/sqlalchemy/engine/base.py", line 1421, in execute
    return meth(
           ^^^^^
  File "/www/wwwroot/cookbook-server/b8138d1504cef8184f7319b108086c2d_venv/lib/python3.12/site-packages/sqlalchemy/sql/elements.py", line 526, in _execute_on_connection
    return connection._execute_clauseelement(
           ^^^^^^^^^^^^^^^^^^^^^^^^^^^^^^^^^^
  File "/www/wwwroot/cookbook-server/b8138d1504cef8184f7319b108086c2d_venv/lib/python3.12/site-packages/sqlalchemy/engine/base.py", line 1643, in _execute_clauseelement
    ret = self._execute_context(
          ^^^^^^^^^^^^^^^^^^^^^^
  File "/www/wwwroot/cookbook-server/b8138d1504cef8184f7319b108086c2d_venv/lib/python3.12/site-packages/sqlalchemy/engine/base.py", line 1848, in _execute_context
    return self._exec_single_context(
           ^^^^^^^^^^^^^^^^^^^^^^^^^^
  File "/www/wwwroot/cookbook-server/b8138d1504cef8184f7319b108086c2d_venv/lib/python3.12/site-packages/sqlalchemy/engine/base.py", line 1988, in _exec_single_context
    self._handle_dbapi_exception(
  File "/www/wwwroot/cookbook-server/b8138d1504cef8184f7319b108086c2d_venv/lib/python3.12/site-packages/sqlalchemy/engine/base.py", line 2365, in _handle_dbapi_exception
    raise sqlalchemy_exception.with_traceback(exc_info[2]) from e
  File "/www/wwwroot/cookbook-server/b8138d1504cef8184f7319b108086c2d_venv/lib/python3.12/site-packages/sqlalchemy/engine/base.py", line 1969, in _exec_single_context
    self.dialect.do_execute(
  File "/www/wwwroot/cookbook-server/b8138d1504cef8184f7319b108086c2d_venv/lib/python3.12/site-packages/sqlalchemy/engine/default.py", line 952, in do_execute
    cursor.execute(statement, parameters)
  File "/www/wwwroot/cookbook-server/b8138d1504cef8184f7319b108086c2d_venv/lib/python3.12/site-packages/sqlalchemy/dialects/postgresql/psycopg.py", line 642, in execute
    result = self.await_(self._cursor.execute(query, params, **kw))
             ^^^^^^^^^^^^^^^^^^^^^^^^^^^^^^^^^^^^^^^^^^^^^^^^^^^^^^
  File "/www/wwwroot/cookbook-server/b8138d1504cef8184f7319b108086c2d_venv/lib/python3.12/site-packages/sqlalchemy/util/_concurrency_py3k.py", line 132, in await_only
    return current.parent.switch(awaitable)  # type: ignore[no-any-return,attr-defined] # noqa: E501
           ^^^^^^^^^^^^^^^^^^^^^^^^^^^^^^^^
  File "/www/wwwroot/cookbook-server/b8138d1504cef8184f7319b108086c2d_venv/lib/python3.12/site-packages/sqlalchemy/util/_concurrency_py3k.py", line 196, in greenlet_spawn
    value = await result
            ^^^^^^^^^^^^
  File "/www/wwwroot/cookbook-server/b8138d1504cef8184f7319b108086c2d_venv/lib/python3.12/site-packages/psycopg/cursor_async.py", line 117, in execute
    raise ex.with_traceback(None)
sqlalchemy.exc.ProgrammingError: (psycopg.errors.UndefinedTable) relation "dishes" does not exist
LINE 2: FROM dishes 
             ^
[SQL: SELECT count(dishes.id) AS count_1 
FROM dishes 
WHERE dishes.status = %(status_1)s::VARCHAR]
[parameters: {'status_1': 'published'}]
(Background on this error at: https://sqlalche.me/e/20/f405)
INFO:     187.17.224.139:0 - "GET / HTTP/1.0" 404 Not Found
INFO:     34.151.232.25:0 - "OPTIONS / HTTP/1.0" 404 Not Found
菜品小程序服务端启动中...
API 文档: http://localhost:8000/docs
按 Ctrl+C 停止服务
INFO:     Will watch for changes in these directories: ['/www/server/panel']
ERROR:    [Errno 98] Address already in use
INFO:     14.19.150.236:0 - "POST /api/v1/auth/wechat-login HTTP/1.0" 200 OK
INFO:     14.19.150.236:0 - "GET /api/v1/users/me HTTP/1.0" 200 OK
INFO:     14.19.150.236:0 - "GET /api/v1/meta/filters HTTP/1.0" 200 OK
INFO:     14.19.150.236:0 - "GET /api/v1/recipes/ranked?limit=10 HTTP/1.0" 200 OK
INFO:     14.19.150.236:0 - "GET /api/v1/recipes?page=1&pageSize=10&sort=rating HTTP/1.0" 200 OK
INFO:     14.19.150.236:0 - "GET /api/v1/users/me HTTP/1.0" 200 OK
INFO:     14.19.150.236:0 - "GET /api/v1/recipes?page=1&pageSize=10&sort=rating HTTP/1.0" 200 OK
INFO:     14.19.150.236:0 - "GET /api/v1/recipes/ranked?limit=10 HTTP/1.0" 200 OK
INFO:     14.19.150.236:0 - "GET /api/v1/recipes?page=1&pageSize=10&sort=rating HTTP/1.0" 200 OK
INFO:     14.19.150.236:0 - "GET /api/v1/recipes?page=1&pageSize=10&sort=rating HTTP/1.0" 200 OK
INFO:     14.19.150.236:0 - "GET /api/v1/recipes?page=1&pageSize=10&sort=rating HTTP/1.0" 200 OK
INFO:     14.19.150.236:0 - "GET /api/v1/recipes?page=1&pageSize=10&sort=rating HTTP/1.0" 200 OK
INFO:     14.19.150.236:0 - "GET /api/v1/recipes?page=1&pageSize=10&sort=createdAt HTTP/1.0" 200 OK
INFO:     14.19.150.236:0 - "POST /api/v1/upload/image HTTP/1.0" 200 OK
INFO:     14.19.150.236:0 - "POST /api/v1/upload/image HTTP/1.0" 200 OK
ERROR:    Unhandled POST /api/v1/recipes
Traceback (most recent call last):
  File "/www/wwwroot/cookbook-server/b8138d1504cef8184f7319b108086c2d_venv/lib/python3.12/site-packages/sqlalchemy/engine/base.py", line 1969, in _exec_single_context
    self.dialect.do_execute(
  File "/www/wwwroot/cookbook-server/b8138d1504cef8184f7319b108086c2d_venv/lib/python3.12/site-packages/sqlalchemy/engine/default.py", line 952, in do_execute
    cursor.execute(statement, parameters)
  File "/www/wwwroot/cookbook-server/b8138d1504cef8184f7319b108086c2d_venv/lib/python3.12/site-packages/sqlalchemy/dialects/postgresql/psycopg.py", line 642, in execute
    result = self.await_(self._cursor.execute(query, params, **kw))
             ^^^^^^^^^^^^^^^^^^^^^^^^^^^^^^^^^^^^^^^^^^^^^^^^^^^^^^
  File "/www/wwwroot/cookbook-server/b8138d1504cef8184f7319b108086c2d_venv/lib/python3.12/site-packages/sqlalchemy/util/_concurrency_py3k.py", line 132, in await_only
    return current.parent.switch(awaitable)  # type: ignore[no-any-return,attr-defined] # noqa: E501
           ^^^^^^^^^^^^^^^^^^^^^^^^^^^^^^^^
  File "/www/wwwroot/cookbook-server/b8138d1504cef8184f7319b108086c2d_venv/lib/python3.12/site-packages/sqlalchemy/util/_concurrency_py3k.py", line 196, in greenlet_spawn
    value = await result
            ^^^^^^^^^^^^
  File "/www/wwwroot/cookbook-server/b8138d1504cef8184f7319b108086c2d_venv/lib/python3.12/site-packages/psycopg/cursor_async.py", line 117, in execute
    raise ex.with_traceback(None)
psycopg.errors.ForeignKeyViolation: insert or update on table "dishes" violates foreign key constraint "dishes_category_id_fkey"
DETAIL:  Key (category_id)=(1) is not present in table "categories".

The above exception was the direct cause of the following exception:

Traceback (most recent call last):
  File "/www/wwwroot/cookbook-server/b8138d1504cef8184f7319b108086c2d_venv/lib/python3.12/site-packages/starlette/middleware/errors.py", line 164, in __call__
    await self.app(scope, receive, _send)
  File "/www/wwwroot/cookbook-server/b8138d1504cef8184f7319b108086c2d_venv/lib/python3.12/site-packages/starlette/middleware/exceptions.py", line 63, in __call__
    await wrap_app_handling_exceptions(self.app, conn)(scope, receive, send)
  File "/www/wwwroot/cookbook-server/b8138d1504cef8184f7319b108086c2d_venv/lib/python3.12/site-packages/starlette/_exception_handler.py", line 53, in wrapped_app
    raise exc
  File "/www/wwwroot/cookbook-server/b8138d1504cef8184f7319b108086c2d_venv/lib/python3.12/site-packages/starlette/_exception_handler.py", line 42, in wrapped_app
    await app(scope, receive, sender)
  File "/www/wwwroot/cookbook-server/b8138d1504cef8184f7319b108086c2d_venv/lib/python3.12/site-packages/fastapi/middleware/asyncexitstack.py", line 18, in __call__
    await self.app(scope, receive, send)
  File "/www/wwwroot/cookbook-server/b8138d1504cef8184f7319b108086c2d_venv/lib/python3.12/site-packages/starlette/routing.py", line 660, in __call__
    await self.middleware_stack(scope, receive, send)
  File "/www/wwwroot/cookbook-server/b8138d1504cef8184f7319b108086c2d_venv/lib/python3.12/site-packages/starlette/routing.py", line 680, in app
    await route.handle(scope, receive, send)
  File "/www/wwwroot/cookbook-server/b8138d1504cef8184f7319b108086c2d_venv/lib/python3.12/site-packages/fastapi/routing.py", line 1574, in handle
    await self.original_router.handle(scope, receive, send)
  File "/www/wwwroot/cookbook-server/b8138d1504cef8184f7319b108086c2d_venv/lib/python3.12/site-packages/fastapi/routing.py", line 2012, in handle
    await included_router._handle_selected(scope, receive, send)
  File "/www/wwwroot/cookbook-server/b8138d1504cef8184f7319b108086c2d_venv/lib/python3.12/site-packages/fastapi/routing.py", line 1585, in _handle_selected
    await route.handle(scope, receive, send)
  File "/www/wwwroot/cookbook-server/b8138d1504cef8184f7319b108086c2d_venv/lib/python3.12/site-packages/fastapi/routing.py", line 1574, in handle
    await self.original_router.handle(scope, receive, send)
  File "/www/wwwroot/cookbook-server/b8138d1504cef8184f7319b108086c2d_venv/lib/python3.12/site-packages/fastapi/routing.py", line 2012, in handle
    await included_router._handle_selected(scope, receive, send)
  File "/www/wwwroot/cookbook-server/b8138d1504cef8184f7319b108086c2d_venv/lib/python3.12/site-packages/fastapi/routing.py", line 1594, in _handle_selected
    await original_route.handle(scope, receive, send)
  File "/www/wwwroot/cookbook-server/b8138d1504cef8184f7319b108086c2d_venv/lib/python3.12/site-packages/fastapi/routing.py", line 1183, in handle
    await app(scope, receive, send)
  File "/www/wwwroot/cookbook-server/b8138d1504cef8184f7319b108086c2d_venv/lib/python3.12/site-packages/fastapi/routing.py", line 143, in app
    await wrap_app_handling_exceptions(app, request)(scope, receive, send)
  File "/www/wwwroot/cookbook-server/b8138d1504cef8184f7319b108086c2d_venv/lib/python3.12/site-packages/starlette/_exception_handler.py", line 53, in wrapped_app
    raise exc
  File "/www/wwwroot/cookbook-server/b8138d1504cef8184f7319b108086c2d_venv/lib/python3.12/site-packages/starlette/_exception_handler.py", line 42, in wrapped_app
    await app(scope, receive, sender)
  File "/www/wwwroot/cookbook-server/b8138d1504cef8184f7319b108086c2d_venv/lib/python3.12/site-packages/fastapi/routing.py", line 129, in app
    response = await f(request)
               ^^^^^^^^^^^^^^^^
  File "/www/wwwroot/cookbook-server/b8138d1504cef8184f7319b108086c2d_venv/lib/python3.12/site-packages/fastapi/routing.py", line 683, in app
    raw_response = await run_endpoint_function(
                   ^^^^^^^^^^^^^^^^^^^^^^^^^^^^
  File "/www/wwwroot/cookbook-server/b8138d1504cef8184f7319b108086c2d_venv/lib/python3.12/site-packages/fastapi/routing.py", line 337, in run_endpoint_function
    return await dependant.call(**values)
           ^^^^^^^^^^^^^^^^^^^^^^^^^^^^^^
  File "/www/wwwroot/cookbook-server/app/api/v1/recipes.py", line 180, in create_recipe
    dish = await create_dish(db, current_user.id, body)
           ^^^^^^^^^^^^^^^^^^^^^^^^^^^^^^^^^^^^^^^^^^^^
  File "/www/wwwroot/cookbook-server/app/services/dish.py", line 137, in create_dish
    await db.flush()
  File "/www/wwwroot/cookbook-server/b8138d1504cef8184f7319b108086c2d_venv/lib/python3.12/site-packages/sqlalchemy/ext/asyncio/session.py", line 786, in flush
    await greenlet_spawn(self.sync_session.flush, objects=objects)
  File "/www/wwwroot/cookbook-server/b8138d1504cef8184f7319b108086c2d_venv/lib/python3.12/site-packages/sqlalchemy/util/_concurrency_py3k.py", line 203, in greenlet_spawn
    result = context.switch(value)
             ^^^^^^^^^^^^^^^^^^^^^
  File "/www/wwwroot/cookbook-server/b8138d1504cef8184f7319b108086c2d_venv/lib/python3.12/site-packages/sqlalchemy/orm/session.py", line 4352, in flush
    self._flush(objects)
  File "/www/wwwroot/cookbook-server/b8138d1504cef8184f7319b108086c2d_venv/lib/python3.12/site-packages/sqlalchemy/orm/session.py", line 4487, in _flush
    with util.safe_reraise():
  File "/www/wwwroot/cookbook-server/b8138d1504cef8184f7319b108086c2d_venv/lib/python3.12/site-packages/sqlalchemy/util/langhelpers.py", line 122, in __exit__
    raise exc_value.with_traceback(exc_tb)
  File "/www/wwwroot/cookbook-server/b8138d1504cef8184f7319b108086c2d_venv/lib/python3.12/site-packages/sqlalchemy/orm/session.py", line 4448, in _flush
    flush_context.execute()
  File "/www/wwwroot/cookbook-server/b8138d1504cef8184f7319b108086c2d_venv/lib/python3.12/site-packages/sqlalchemy/orm/unitofwork.py", line 465, in execute
    rec.execute(self)
  File "/www/wwwroot/cookbook-server/b8138d1504cef8184f7319b108086c2d_venv/lib/python3.12/site-packages/sqlalchemy/orm/unitofwork.py", line 641, in execute
    util.preloaded.orm_persistence.save_obj(
  File "/www/wwwroot/cookbook-server/b8138d1504cef8184f7319b108086c2d_venv/lib/python3.12/site-packages/sqlalchemy/orm/persistence.py", line 94, in save_obj
    _emit_insert_statements(
  File "/www/wwwroot/cookbook-server/b8138d1504cef8184f7319b108086c2d_venv/lib/python3.12/site-packages/sqlalchemy/orm/persistence.py", line 1234, in _emit_insert_statements
    result = connection.execute(
             ^^^^^^^^^^^^^^^^^^^
  File "/www/wwwroot/cookbook-server/b8138d1504cef8184f7319b108086c2d_venv/lib/python3.12/site-packages/sqlalchemy/engine/base.py", line 1421, in execute
    return meth(
           ^^^^^
  File "/www/wwwroot/cookbook-server/b8138d1504cef8184f7319b108086c2d_venv/lib/python3.12/site-packages/sqlalchemy/sql/elements.py", line 526, in _execute_on_connection
    return connection._execute_clauseelement(
           ^^^^^^^^^^^^^^^^^^^^^^^^^^^^^^^^^^
  File "/www/wwwroot/cookbook-server/b8138d1504cef8184f7319b108086c2d_venv/lib/python3.12/site-packages/sqlalchemy/engine/base.py", line 1643, in _execute_clauseelement
    ret = self._execute_context(
          ^^^^^^^^^^^^^^^^^^^^^^
  File "/www/wwwroot/cookbook-server/b8138d1504cef8184f7319b108086c2d_venv/lib/python3.12/site-packages/sqlalchemy/engine/base.py", line 1848, in _execute_context
    return self._exec_single_context(
           ^^^^^^^^^^^^^^^^^^^^^^^^^^
  File "/www/wwwroot/cookbook-server/b8138d1504cef8184f7319b108086c2d_venv/lib/python3.12/site-packages/sqlalchemy/engine/base.py", line 1988, in _exec_single_context
    self._handle_dbapi_exception(
  File "/www/wwwroot/cookbook-server/b8138d1504cef8184f7319b108086c2d_venv/lib/python3.12/site-packages/sqlalchemy/engine/base.py", line 2365, in _handle_dbapi_exception
    raise sqlalchemy_exception.with_traceback(exc_info[2]) from e
  File "/www/wwwroot/cookbook-server/b8138d1504cef8184f7319b108086c2d_venv/lib/python3.12/site-packages/sqlalchemy/engine/base.py", line 1969, in _exec_single_context
    self.dialect.do_execute(
  File "/www/wwwroot/cookbook-server/b8138d1504cef8184f7319b108086c2d_venv/lib/python3.12/site-packages/sqlalchemy/engine/default.py", line 952, in do_execute
    cursor.execute(statement, parameters)
  File "/www/wwwroot/cookbook-server/b8138d1504cef8184f7319b108086c2d_venv/lib/python3.12/site-packages/sqlalchemy/dialects/postgresql/psycopg.py", line 642, in execute
    result = self.await_(self._cursor.execute(query, params, **kw))
             ^^^^^^^^^^^^^^^^^^^^^^^^^^^^^^^^^^^^^^^^^^^^^^^^^^^^^^
  File "/www/wwwroot/cookbook-server/b8138d1504cef8184f7319b108086c2d_venv/lib/python3.12/site-packages/sqlalchemy/util/_concurrency_py3k.py", line 132, in await_only
    return current.parent.switch(awaitable)  # type: ignore[no-any-return,attr-defined] # noqa: E501
           ^^^^^^^^^^^^^^^^^^^^^^^^^^^^^^^^
  File "/www/wwwroot/cookbook-server/b8138d1504cef8184f7319b108086c2d_venv/lib/python3.12/site-packages/sqlalchemy/util/_concurrency_py3k.py", line 196, in greenlet_spawn
    value = await result
            ^^^^^^^^^^^^
  File "/www/wwwroot/cookbook-server/b8138d1504cef8184f7319b108086c2d_venv/lib/python3.12/site-packages/psycopg/cursor_async.py", line 117, in execute
    raise ex.with_traceback(None)
sqlalchemy.exc.IntegrityError: (psycopg.errors.ForeignKeyViolation) insert or update on table "dishes" violates foreign key constraint "dishes_category_id_fkey"
DETAIL:  Key (category_id)=(1) is not present in table "categories".
[SQL: INSERT INTO dishes (name, cover, description, category_id, cuisine, tags, cooking_time, difficulty, servings, tips, nutrition, suitable_for, author_id, status, avg_rating, id) VALUES (%(name)s::VARCHAR, %(cover)s::VARCHAR, %(description)s::VARCHAR, %(category_id)s::INTEGER, %(cuisine)s::VARCHAR, %(tags)s::JSONB, %(cooking_time)s::INTEGER, %(difficulty)s::SMALLINT, %(servings)s::INTEGER, %(tips)s::VARCHAR, %(nutrition)s::VARCHAR, %(suitable_for)s::VARCHAR, %(author_id)s::VARCHAR, %(status)s::VARCHAR, %(avg_rating)s, %(id)s::VARCHAR) RETURNING dishes.created_at, dishes.updated_at]
[parameters: {'name': '宝塔迁移测试', 'cover': '/uploads/0d4e996b402547e090567eab30254a0d.png', 'description': None, 'category_id': 1, 'cuisine': '其他', 'tags': Jsonb([]), 'cooking_time': 20, 'difficulty': 3, 'servings': 2, 'tips': '没有秘诀，全看心情', 'nutrition': None, 'suitable_for': '适合我', 'author_id': '49a44f95-20f5-453c-9c31-0b780232a646', 'status': 'published', 'avg_rating': 0.0, 'id': 'd3cbc99a-5c25-45e5-803f-bbf6e53d8530'}]
(Background on this error at: https://sqlalche.me/e/20/gkpj)
INFO:     14.19.150.236:0 - "POST /api/v1/recipes HTTP/1.0" 500 Internal Server Error
ERROR:    Exception in ASGI application
Traceback (most recent call last):
  File "/www/wwwroot/cookbook-server/b8138d1504cef8184f7319b108086c2d_venv/lib/python3.12/site-packages/sqlalchemy/engine/base.py", line 1969, in _exec_single_context
    self.dialect.do_execute(
  File "/www/wwwroot/cookbook-server/b8138d1504cef8184f7319b108086c2d_venv/lib/python3.12/site-packages/sqlalchemy/engine/default.py", line 952, in do_execute
    cursor.execute(statement, parameters)
  File "/www/wwwroot/cookbook-server/b8138d1504cef8184f7319b108086c2d_venv/lib/python3.12/site-packages/sqlalchemy/dialects/postgresql/psycopg.py", line 642, in execute
    result = self.await_(self._cursor.execute(query, params, **kw))
             ^^^^^^^^^^^^^^^^^^^^^^^^^^^^^^^^^^^^^^^^^^^^^^^^^^^^^^
  File "/www/wwwroot/cookbook-server/b8138d1504cef8184f7319b108086c2d_venv/lib/python3.12/site-packages/sqlalchemy/util/_concurrency_py3k.py", line 132, in await_only
    return current.parent.switch(awaitable)  # type: ignore[no-any-return,attr-defined] # noqa: E501
           ^^^^^^^^^^^^^^^^^^^^^^^^^^^^^^^^
  File "/www/wwwroot/cookbook-server/b8138d1504cef8184f7319b108086c2d_venv/lib/python3.12/site-packages/sqlalchemy/util/_concurrency_py3k.py", line 196, in greenlet_spawn
    value = await result
            ^^^^^^^^^^^^
  File "/www/wwwroot/cookbook-server/b8138d1504cef8184f7319b108086c2d_venv/lib/python3.12/site-packages/psycopg/cursor_async.py", line 117, in execute
    raise ex.with_traceback(None)
psycopg.errors.ForeignKeyViolation: insert or update on table "dishes" violates foreign key constraint "dishes_category_id_fkey"
DETAIL:  Key (category_id)=(1) is not present in table "categories".

The above exception was the direct cause of the following exception:

Traceback (most recent call last):
  File "/www/wwwroot/cookbook-server/b8138d1504cef8184f7319b108086c2d_venv/lib/python3.12/site-packages/uvicorn/protocols/http/httptools_impl.py", line 421, in run_asgi
    result = await app(  # type: ignore[func-returns-value]
             ^^^^^^^^^^^^^^^^^^^^^^^^^^^^^^^^^^^^^^^^^^^^^^
  File "/www/wwwroot/cookbook-server/b8138d1504cef8184f7319b108086c2d_venv/lib/python3.12/site-packages/uvicorn/middleware/proxy_headers.py", line 62, in __call__
    return await self.app(scope, receive, send)
           ^^^^^^^^^^^^^^^^^^^^^^^^^^^^^^^^^^^^
  File "/www/wwwroot/cookbook-server/b8138d1504cef8184f7319b108086c2d_venv/lib/python3.12/site-packages/fastapi/applications.py", line 1162, in __call__
    await super().__call__(scope, receive, send)
  File "/www/wwwroot/cookbook-server/b8138d1504cef8184f7319b108086c2d_venv/lib/python3.12/site-packages/starlette/applications.py", line 90, in __call__
    await self.middleware_stack(scope, receive, send)
  File "/www/wwwroot/cookbook-server/b8138d1504cef8184f7319b108086c2d_venv/lib/python3.12/site-packages/starlette/middleware/errors.py", line 186, in __call__
    raise exc
  File "/www/wwwroot/cookbook-server/b8138d1504cef8184f7319b108086c2d_venv/lib/python3.12/site-packages/starlette/middleware/errors.py", line 164, in __call__
    await self.app(scope, receive, _send)
  File "/www/wwwroot/cookbook-server/b8138d1504cef8184f7319b108086c2d_venv/lib/python3.12/site-packages/starlette/middleware/exceptions.py", line 63, in __call__
    await wrap_app_handling_exceptions(self.app, conn)(scope, receive, send)
  File "/www/wwwroot/cookbook-server/b8138d1504cef8184f7319b108086c2d_venv/lib/python3.12/site-packages/starlette/_exception_handler.py", line 53, in wrapped_app
    raise exc
  File "/www/wwwroot/cookbook-server/b8138d1504cef8184f7319b108086c2d_venv/lib/python3.12/site-packages/starlette/_exception_handler.py", line 42, in wrapped_app
    await app(scope, receive, sender)
  File "/www/wwwroot/cookbook-server/b8138d1504cef8184f7319b108086c2d_venv/lib/python3.12/site-packages/fastapi/middleware/asyncexitstack.py", line 18, in __call__
    await self.app(scope, receive, send)
  File "/www/wwwroot/cookbook-server/b8138d1504cef8184f7319b108086c2d_venv/lib/python3.12/site-packages/starlette/routing.py", line 660, in __call__
    await self.middleware_stack(scope, receive, send)
  File "/www/wwwroot/cookbook-server/b8138d1504cef8184f7319b108086c2d_venv/lib/python3.12/site-packages/starlette/routing.py", line 680, in app
    await route.handle(scope, receive, send)
  File "/www/wwwroot/cookbook-server/b8138d1504cef8184f7319b108086c2d_venv/lib/python3.12/site-packages/fastapi/routing.py", line 1574, in handle
    await self.original_router.handle(scope, receive, send)
  File "/www/wwwroot/cookbook-server/b8138d1504cef8184f7319b108086c2d_venv/lib/python3.12/site-packages/fastapi/routing.py", line 2012, in handle
    await included_router._handle_selected(scope, receive, send)
  File "/www/wwwroot/cookbook-server/b8138d1504cef8184f7319b108086c2d_venv/lib/python3.12/site-packages/fastapi/routing.py", line 1585, in _handle_selected
    await route.handle(scope, receive, send)
  File "/www/wwwroot/cookbook-server/b8138d1504cef8184f7319b108086c2d_venv/lib/python3.12/site-packages/fastapi/routing.py", line 1574, in handle
    await self.original_router.handle(scope, receive, send)
  File "/www/wwwroot/cookbook-server/b8138d1504cef8184f7319b108086c2d_venv/lib/python3.12/site-packages/fastapi/routing.py", line 2012, in handle
    await included_router._handle_selected(scope, receive, send)
  File "/www/wwwroot/cookbook-server/b8138d1504cef8184f7319b108086c2d_venv/lib/python3.12/site-packages/fastapi/routing.py", line 1594, in _handle_selected
    await original_route.handle(scope, receive, send)
  File "/www/wwwroot/cookbook-server/b8138d1504cef8184f7319b108086c2d_venv/lib/python3.12/site-packages/fastapi/routing.py", line 1183, in handle
    await app(scope, receive, send)
  File "/www/wwwroot/cookbook-server/b8138d1504cef8184f7319b108086c2d_venv/lib/python3.12/site-packages/fastapi/routing.py", line 143, in app
    await wrap_app_handling_exceptions(app, request)(scope, receive, send)
  File "/www/wwwroot/cookbook-server/b8138d1504cef8184f7319b108086c2d_venv/lib/python3.12/site-packages/starlette/_exception_handler.py", line 53, in wrapped_app
    raise exc
  File "/www/wwwroot/cookbook-server/b8138d1504cef8184f7319b108086c2d_venv/lib/python3.12/site-packages/starlette/_exception_handler.py", line 42, in wrapped_app
    await app(scope, receive, sender)
  File "/www/wwwroot/cookbook-server/b8138d1504cef8184f7319b108086c2d_venv/lib/python3.12/site-packages/fastapi/routing.py", line 129, in app
    response = await f(request)
               ^^^^^^^^^^^^^^^^
  File "/www/wwwroot/cookbook-server/b8138d1504cef8184f7319b108086c2d_venv/lib/python3.12/site-packages/fastapi/routing.py", line 683, in app
    raw_response = await run_endpoint_function(
                   ^^^^^^^^^^^^^^^^^^^^^^^^^^^^
  File "/www/wwwroot/cookbook-server/b8138d1504cef8184f7319b108086c2d_venv/lib/python3.12/site-packages/fastapi/routing.py", line 337, in run_endpoint_function
    return await dependant.call(**values)
           ^^^^^^^^^^^^^^^^^^^^^^^^^^^^^^
  File "/www/wwwroot/cookbook-server/app/api/v1/recipes.py", line 180, in create_recipe
    dish = await create_dish(db, current_user.id, body)
           ^^^^^^^^^^^^^^^^^^^^^^^^^^^^^^^^^^^^^^^^^^^^
  File "/www/wwwroot/cookbook-server/app/services/dish.py", line 137, in create_dish
    await db.flush()
  File "/www/wwwroot/cookbook-server/b8138d1504cef8184f7319b108086c2d_venv/lib/python3.12/site-packages/sqlalchemy/ext/asyncio/session.py", line 786, in flush
    await greenlet_spawn(self.sync_session.flush, objects=objects)
  File "/www/wwwroot/cookbook-server/b8138d1504cef8184f7319b108086c2d_venv/lib/python3.12/site-packages/sqlalchemy/util/_concurrency_py3k.py", line 203, in greenlet_spawn
    result = context.switch(value)
             ^^^^^^^^^^^^^^^^^^^^^
  File "/www/wwwroot/cookbook-server/b8138d1504cef8184f7319b108086c2d_venv/lib/python3.12/site-packages/sqlalchemy/orm/session.py", line 4352, in flush
    self._flush(objects)
  File "/www/wwwroot/cookbook-server/b8138d1504cef8184f7319b108086c2d_venv/lib/python3.12/site-packages/sqlalchemy/orm/session.py", line 4487, in _flush
    with util.safe_reraise():
  File "/www/wwwroot/cookbook-server/b8138d1504cef8184f7319b108086c2d_venv/lib/python3.12/site-packages/sqlalchemy/util/langhelpers.py", line 122, in __exit__
    raise exc_value.with_traceback(exc_tb)
  File "/www/wwwroot/cookbook-server/b8138d1504cef8184f7319b108086c2d_venv/lib/python3.12/site-packages/sqlalchemy/orm/session.py", line 4448, in _flush
    flush_context.execute()
  File "/www/wwwroot/cookbook-server/b8138d1504cef8184f7319b108086c2d_venv/lib/python3.12/site-packages/sqlalchemy/orm/unitofwork.py", line 465, in execute
    rec.execute(self)
  File "/www/wwwroot/cookbook-server/b8138d1504cef8184f7319b108086c2d_venv/lib/python3.12/site-packages/sqlalchemy/orm/unitofwork.py", line 641, in execute
    util.preloaded.orm_persistence.save_obj(
  File "/www/wwwroot/cookbook-server/b8138d1504cef8184f7319b108086c2d_venv/lib/python3.12/site-packages/sqlalchemy/orm/persistence.py", line 94, in save_obj
    _emit_insert_statements(
  File "/www/wwwroot/cookbook-server/b8138d1504cef8184f7319b108086c2d_venv/lib/python3.12/site-packages/sqlalchemy/orm/persistence.py", line 1234, in _emit_insert_statements
    result = connection.execute(
             ^^^^^^^^^^^^^^^^^^^
  File "/www/wwwroot/cookbook-server/b8138d1504cef8184f7319b108086c2d_venv/lib/python3.12/site-packages/sqlalchemy/engine/base.py", line 1421, in execute
    return meth(
           ^^^^^
  File "/www/wwwroot/cookbook-server/b8138d1504cef8184f7319b108086c2d_venv/lib/python3.12/site-packages/sqlalchemy/sql/elements.py", line 526, in _execute_on_connection
    return connection._execute_clauseelement(
           ^^^^^^^^^^^^^^^^^^^^^^^^^^^^^^^^^^
  File "/www/wwwroot/cookbook-server/b8138d1504cef8184f7319b108086c2d_venv/lib/python3.12/site-packages/sqlalchemy/engine/base.py", line 1643, in _execute_clauseelement
    ret = self._execute_context(
          ^^^^^^^^^^^^^^^^^^^^^^
  File "/www/wwwroot/cookbook-server/b8138d1504cef8184f7319b108086c2d_venv/lib/python3.12/site-packages/sqlalchemy/engine/base.py", line 1848, in _execute_context
    return self._exec_single_context(
           ^^^^^^^^^^^^^^^^^^^^^^^^^^
  File "/www/wwwroot/cookbook-server/b8138d1504cef8184f7319b108086c2d_venv/lib/python3.12/site-packages/sqlalchemy/engine/base.py", line 1988, in _exec_single_context
    self._handle_dbapi_exception(
  File "/www/wwwroot/cookbook-server/b8138d1504cef8184f7319b108086c2d_venv/lib/python3.12/site-packages/sqlalchemy/engine/base.py", line 2365, in _handle_dbapi_exception
    raise sqlalchemy_exception.with_traceback(exc_info[2]) from e
  File "/www/wwwroot/cookbook-server/b8138d1504cef8184f7319b108086c2d_venv/lib/python3.12/site-packages/sqlalchemy/engine/base.py", line 1969, in _exec_single_context
    self.dialect.do_execute(
  File "/www/wwwroot/cookbook-server/b8138d1504cef8184f7319b108086c2d_venv/lib/python3.12/site-packages/sqlalchemy/engine/default.py", line 952, in do_execute
    cursor.execute(statement, parameters)
  File "/www/wwwroot/cookbook-server/b8138d1504cef8184f7319b108086c2d_venv/lib/python3.12/site-packages/sqlalchemy/dialects/postgresql/psycopg.py", line 642, in execute
    result = self.await_(self._cursor.execute(query, params, **kw))
             ^^^^^^^^^^^^^^^^^^^^^^^^^^^^^^^^^^^^^^^^^^^^^^^^^^^^^^
  File "/www/wwwroot/cookbook-server/b8138d1504cef8184f7319b108086c2d_venv/lib/python3.12/site-packages/sqlalchemy/util/_concurrency_py3k.py", line 132, in await_only
    return current.parent.switch(awaitable)  # type: ignore[no-any-return,attr-defined] # noqa: E501
           ^^^^^^^^^^^^^^^^^^^^^^^^^^^^^^^^
  File "/www/wwwroot/cookbook-server/b8138d1504cef8184f7319b108086c2d_venv/lib/python3.12/site-packages/sqlalchemy/util/_concurrency_py3k.py", line 196, in greenlet_spawn
    value = await result
            ^^^^^^^^^^^^
  File "/www/wwwroot/cookbook-server/b8138d1504cef8184f7319b108086c2d_venv/lib/python3.12/site-packages/psycopg/cursor_async.py", line 117, in execute
    raise ex.with_traceback(None)
sqlalchemy.exc.IntegrityError: (psycopg.errors.ForeignKeyViolation) insert or update on table "dishes" violates foreign key constraint "dishes_category_id_fkey"
DETAIL:  Key (category_id)=(1) is not present in table "categories".
[SQL: INSERT INTO dishes (name, cover, description, category_id, cuisine, tags, cooking_time, difficulty, servings, tips, nutrition, suitable_for, author_id, status, avg_rating, id) VALUES (%(name)s::VARCHAR, %(cover)s::VARCHAR, %(description)s::VARCHAR, %(category_id)s::INTEGER, %(cuisine)s::VARCHAR, %(tags)s::JSONB, %(cooking_time)s::INTEGER, %(difficulty)s::SMALLINT, %(servings)s::INTEGER, %(tips)s::VARCHAR, %(nutrition)s::VARCHAR, %(suitable_for)s::VARCHAR, %(author_id)s::VARCHAR, %(status)s::VARCHAR, %(avg_rating)s, %(id)s::VARCHAR) RETURNING dishes.created_at, dishes.updated_at]
[parameters: {'name': '宝塔迁移测试', 'cover': '/uploads/0d4e996b402547e090567eab30254a0d.png', 'description': None, 'category_id': 1, 'cuisine': '其他', 'tags': Jsonb([]), 'cooking_time': 20, 'difficulty': 3, 'servings': 2, 'tips': '没有秘诀，全看心情', 'nutrition': None, 'suitable_for': '适合我', 'author_id': '49a44f95-20f5-453c-9c31-0b780232a646', 'status': 'published', 'avg_rating': 0.0, 'id': 'd3cbc99a-5c25-45e5-803f-bbf6e53d8530'}]
(Background on this error at: https://sqlalche.me/e/20/gkpj)
INFO:     127.0.0.1:35594 - "GET /api/v1/categories HTTP/1.1" 200 OK
INFO:     127.0.0.1:59916 - "GET /api/v1/categories HTTP/1.1" 200 OK
菜品小程序服务端启动中...
API 文档: http://localhost:8000/docs
按 Ctrl+C 停止服务
INFO:     Will watch for changes in these directories: ['/www/server/panel']
ERROR:    [Errno 98] Address already in use
INFO:     127.0.0.1:43910 - "GET /api/v1/categories HTTP/1.1" 200 OK
INFO:     127.0.0.1:43916 - "GET /api/v1/categories HTTP/1.1" 200 OK
INFO:     127.0.0.1:56720 - "GET /api/v1/categories HTTP/1.1" 200 OK
菜品小程序服务端启动中...
API 文档: http://localhost:8000/docs
按 Ctrl+C 停止服务
INFO:     Will watch for changes in these directories: ['/www/server/panel']
ERROR:    [Errno 98] Address already in use
INFO:     14.19.150.236:0 - "POST /api/v1/upload/image HTTP/1.0" 200 OK
INFO:     14.19.150.236:0 - "POST /api/v1/upload/image HTTP/1.0" 200 OK
INFO:     14.19.150.236:0 - "POST /api/v1/recipes HTTP/1.0" 201 Created
INFO:     14.19.150.236:0 - "GET /api/v1/recipes/ranked?limit=10 HTTP/1.0" 200 OK
INFO:     14.19.150.236:0 - "GET /api/v1/recipes?page=1&pageSize=10&sort=createdAt HTTP/1.0" 200 OK
INFO:     14.19.150.236:0 - "GET /api/v1/recipes?page=1&pageSize=10&sort=createdAt HTTP/1.0" 200 OK
INFO:     14.19.150.236:0 - "GET /api/v1/recipes/ranked?limit=10 HTTP/1.0" 200 OK
INFO:     14.19.150.236:0 - "GET /api/v1/recipes?page=1&pageSize=10&sort=rating HTTP/1.0" 200 OK
INFO:     14.19.150.236:0 - "GET /api/v1/recipes?page=1&pageSize=10&sort=createdAt HTTP/1.0" 200 OK
INFO:     14.19.150.236:0 - "GET /api/v1/recipes?page=1&pageSize=10&sort=createdAt HTTP/1.0" 200 OK
INFO:     14.19.150.236:0 - "GET /api/v1/recipes?page=1&pageSize=10&sort=createdAt HTTP/1.0" 200 OK
INFO:     14.19.150.236:0 - "GET /api/v1/recipes/aff7c9f9-89f4-4f22-88f1-ab871bc18bca HTTP/1.0" 200 OK
INFO:     14.19.150.236:0 - "GET /api/v1/recipes/ranked?limit=10 HTTP/1.0" 200 OK
INFO:     14.19.150.236:0 - "GET /api/v1/recipes?page=1&pageSize=10&sort=rating HTTP/1.0" 200 OK
INFO:     14.19.150.236:0 - "GET /api/v1/recipes/ranked?limit=10 HTTP/1.0" 200 OK
INFO:     14.19.150.236:0 - "GET /api/v1/recipes?page=1&pageSize=10&sort=rating HTTP/1.0" 200 OK
INFO:     14.19.150.236:0 - "GET /api/v1/recipes/ranked?limit=10 HTTP/1.0" 200 OK
INFO:     14.19.150.236:0 - "GET /api/v1/recipes?page=1&pageSize=10&sort=rating HTTP/1.0" 200 OK
INFO:     14.19.150.236:0 - "GET /api/v1/recipes?page=1&pageSize=10&sort=rating HTTP/1.0" 200 OK
INFO:     14.19.150.236:0 - "GET /api/v1/recipes?page=1&pageSize=10&sort=rating HTTP/1.0" 200 OK
INFO:     14.19.150.236:0 - "GET /api/v1/recipes?page=1&pageSize=10&sort=rating HTTP/1.0" 200 OK
INFO:     14.19.150.236:0 - "GET /api/v1/recipes?page=1&pageSize=10&sort=rating HTTP/1.0" 200 OK
